age,salary,account_balance,transactions,gender,city,membership_type,target
56,121520,67677,187,Male,Chittagong,Gold,1
46,145818,46734,116,Female,Khulna,Silver,1
32,81272,41603,138,Female,Khulna,Basic,1
60,112152,77708,130,Male,Khulna,Platinum,1
25,142907,69803,194,Male,Dhaka,Platinum,1
38,87649,40332,60,Male,Sylhet,Gold,1
56,84674,22312,17,Female,Khulna,Gold,0
36,144132,45179,96,Female,Rajshahi,Basic,0
40,139044,72442,144,Male,Chittagong,Silver,1
28,128542,41379,16,Male,Rajshahi,Gold,1
28,33760,18297,46,Female,Dhaka,Platinum,0
41,41927,3011,167,Female,Dhaka,Gold,0
53,106475,45014,159,Male,Rajshahi,Gold,1
57,81367,12738,107,Female,Sylhet,Silver,0
41,117955,48498,88,Male,Dhaka,Gold,1
20,32588,12120,129,Male,Dhaka,Basic,0
39,141750,9767,139,Male,Rajshahi,Platinum,1
19,121678,23852,119,Female,Dhaka,Silver,0
41,124734,1929,85,Female,Sylhet,Platinum,0
61,138154,78487,4,Female,Sylhet,Basic,0
47,72233,18438,71,Female,Sylhet,Basic,0
55,64738,49515,154,Male,Chittagong,Gold,1
19,53397,6744,111,Female,Sylhet,Gold,0
38,102189,43417,50,Male,Sylhet,Gold,1
50,96367,8069,140,Male,Chittagong,Platinum,1
29,144873,43359,95,Male,Khulna,Basic,0
39,91260,20799,92,Female,Dhaka,Silver,0
61,140585,71188,65,Male,Sylhet,Gold,1
42,96619,8597,47,Male,Dhaka,Platinum,0
44,131453,48093,181,Female,Rajshahi,Gold,1
59,39816,38226,106,Male,Dhaka,Basic,0
45,62240,73127,199,Female,Chittagong,Silver,0
33,26276,78362,130,Female,Dhaka,Basic,0
32,133939,27417,106,Female,Dhaka,Platinum,1
64,124199,19693,24,Male,Dhaka,Gold,0
61,99530,54161,4,Female,Khulna,Basic,0
20,43499,3169,108,Female,Khulna,Platinum,0
54,108576,23052,19,Female,Rajshahi,Gold,0
24,128856,72849,154,Female,Chittagong,Silver,1
38,102495,74851,40,Male,Dhaka,Basic,0
26,141717,9036,50,Female,Dhaka,Gold,0
56,91635,32778,171,Male,Dhaka,Gold,1
35,127803,28734,75,Female,Dhaka,Gold,0
21,105112,24173,195,Male,Khulna,Gold,1
42,55946,31403,12,Female,Rajshahi,Basic,0
31,75204,67321,195,Male,Sylhet,Gold,1
26,71886,72675,27,Female,Chittagong,Platinum,0
43,91652,7344,113,Male,Dhaka,Basic,0
19,35563,19800,182,Male,Rajshahi,Gold,1
37,112324,26372,194,Male,Sylhet,Basic,0
45,112464,62516,49,Female,Rajshahi,Platinum,1
64,121872,21538,144,Male,Khulna,Platinum,1
24,29847,64918,130,Male,Sylhet,Basic,1
61,46155,15973,60,Male,Rajshahi,Gold,0
25,99671,72155,182,Male,Khulna,Gold,1
64,136891,60500,30,Female,Rajshahi,Platinum,1
52,103310,37575,84,Male,Rajshahi,Gold,1
31,87278,43261,166,Male,Sylhet,Platinum,1
34,38309,28716,28,Male,Khulna,Gold,0
53,20619,4236,25,Female,Dhaka,Platinum,0
57,103194,16848,96,Male,Chittagong,Silver,0
21,70108,3352,125,Male,Sylhet,Gold,1
19,54707,2932,10,Male,Khulna,Gold,0
23,40337,77449,188,Male,Rajshahi,Gold,1
59,145261,9556,42,Female,Khulna,Basic,0
21,101537,6498,40,Male,Chittagong,Gold,0
46,86504,77118,77,Male,Chittagong,Basic,0
35,67614,51098,105,Female,Dhaka,Basic,0
43,111428,65386,118,Female,Dhaka,Platinum,1
61,111155,10569,42,Female,Chittagong,Basic,0
51,20281,57882,47,Male,Sylhet,Basic,0
27,47420,71393,165,Female,Sylhet,Silver,1
53,100896,1340,22,Male,Rajshahi,Gold,0
31,59030,44949,185,Female,Dhaka,Basic,0
48,21058,63443,107,Male,Rajshahi,Gold,1
32,106213,75027,27,Female,Dhaka,Basic,0
25,96260,1138,41,Male,Chittagong,Platinum,0
31,48404,1358,80,Female,Sylhet,Silver,0
40,123482,76250,162,Male,Sylhet,Basic,1
57,125284,31654,160,Male,Chittagong,Gold,1
38,49856,26879,89,Male,Rajshahi,Platinum,0
33,29200,56778,66,Male,Rajshahi,Gold,0
62,84178,38772,12,Male,Khulna,Platinum,1
35,53997,59478,168,Male,Dhaka,Silver,0
64,45611,65353,73,Male,Rajshahi,Platinum,0
41,139273,27762,76,Male,Chittagong,Gold,0
43,61235,14283,90,Female,Rajshahi,Gold,0
42,137428,64922,10,Male,Sylhet,Basic,0
62,55057,40420,96,Male,Dhaka,Platinum,0
58,21239,56568,176,Female,Khulna,Gold,1
46,123674,21219,20,Male,Dhaka,Basic,0
32,134474,58169,39,Female,Sylhet,Silver,0
62,85661,75965,60,Male,Sylhet,Gold,1
18,146945,47840,66,Female,Sylhet,Basic,0
42,65272,45695,65,Female,Sylhet,Gold,0
24,109393,78988,179,Male,Chittagong,Platinum,1
26,81212,59342,124,Female,Khulna,Basic,1
41,144088,19951,164,Male,Sylhet,Platinum,1
18,35398,2307,152,Male,Sylhet,Silver,0
61,140030,36428,155,Male,Rajshahi,Platinum,1
25,76503,76774,130,Male,Khulna,Basic,1
41,26638,39975,159,Female,Dhaka,Gold,1
28,26570,2140,57,Male,Khulna,Basic,0
34,88785,25842,78,Female,Khulna,Platinum,0
25,29110,27421,194,Female,Khulna,Platinum,1
52,125899,2708,29,Male,Sylhet,Gold,0
52,99141,4630,15,Male,Sylhet,Silver,0
50,32115,20595,12,Male,Chittagong,Basic,0
22,59062,77021,101,Male,Dhaka,Gold,1
59,42911,29308,156,Female,Rajshahi,Gold,0
56,124061,45789,84,Male,Khulna,Gold,1
58,52556,56690,125,Female,Dhaka,Basic,0
45,98131,27086,103,Male,Dhaka,Basic,0
24,148335,17859,24,Male,Chittagong,Basic,0
26,21969,8684,149,Male,Rajshahi,Silver,0
25,63753,2207,138,Male,Khulna,Gold,1
29,102811,47099,110,Female,Rajshahi,Platinum,1
51,24470,68496,78,Female,Chittagong,Platinum,0
50,141863,67093,101,Male,Sylhet,Gold,1
40,30225,30689,146,Female,Dhaka,Platinum,1
41,127860,49651,142,Female,Khulna,Silver,1
54,143008,14893,162,Male,Sylhet,Silver,0
52,127510,67418,128,Male,Chittagong,Basic,1
61,128295,61011,58,Female,Rajshahi,Basic,0
57,43196,39635,76,Female,Dhaka,Basic,0
39,125823,57115,150,Female,Khulna,Basic,1
44,33669,79405,198,Female,Sylhet,Basic,0
52,57380,73702,36,Male,Sylhet,Platinum,0
18,144398,79518,173,Male,Dhaka,Platinum,1
52,130677,73805,164,Female,Rajshahi,Basic,1
54,135886,59954,22,Male,Chittagong,Silver,0
64,146753,29064,127,Female,Rajshahi,Platinum,1
31,68320,3454,80,Female,Rajshahi,Silver,0
20,67414,21878,189,Male,Rajshahi,Silver,0
18,123542,52098,100,Female,Dhaka,Gold,1
22,35577,63154,184,Female,Dhaka,Gold,1
43,145354,13991,96,Male,Chittagong,Basic,0
31,108009,69344,161,Male,Rajshahi,Silver,1
56,146365,37593,173,Female,Dhaka,Platinum,1
44,75409,37304,164,Female,Chittagong,Gold,1
26,48625,31386,148,Male,Chittagong,Gold,1
32,101040,56220,18,Female,Rajshahi,Silver,0
32,44089,70338,38,Female,Khulna,Gold,0
43,56487,22083,195,Male,Rajshahi,Gold,0
59,85838,19354,151,Male,Khulna,Platinum,1
30,116999,23190,109,Male,Chittagong,Silver,0
49,130448,7142,123,Male,Dhaka,Gold,1
56,114795,29398,144,Male,Sylhet,Silver,0
49,70138,52971,187,Male,Chittagong,Gold,1
21,62823,42862,197,Female,Dhaka,Platinum,1
47,57208,54410,196,Female,Chittagong,Silver,0
54,74061,20503,149,Male,Rajshahi,Gold,0
40,50659,49456,104,Male,Khulna,Platinum,1
56,149824,9016,198,Female,Chittagong,Gold,1
62,121376,3384,140,Female,Dhaka,Silver,0
32,51890,63320,144,Female,Rajshahi,Gold,1
60,99134,16072,81,Male,Sylhet,Silver,0
46,67055,41510,87,Male,Rajshahi,Silver,0
53,132269,49933,142,Female,Khulna,Gold,1
30,39508,22826,61,Male,Rajshahi,Platinum,0
49,62287,69026,199,Male,Sylhet,Basic,0
24,98916,26518,46,Male,Dhaka,Platinum,0
39,46984,25045,32,Female,Chittagong,Platinum,0
45,130169,51876,15,Female,Khulna,Gold,1
19,28125,52919,44,Male,Sylhet,Platinum,0
59,56059,28103,145,Male,Khulna,Platinum,0
62,89569,37188,169,Male,Rajshahi,Basic,1
23,123409,6845,54,Male,Khulna,Platinum,0
45,37087,37674,44,Male,Sylhet,Basic,0
45,126437,20337,98,Female,Chittagong,Gold,0
61,135262,23313,5,Male,Chittagong,Basic,0
61,25704,27943,109,Male,Khulna,Silver,0
37,80576,78949,27,Male,Dhaka,Silver,0
47,93384,1276,116,Female,Khulna,Basic,0
28,107128,52151,87,Female,Rajshahi,Silver,0
45,131279,18611,104,Male,Chittagong,Gold,1
42,92460,12944,123,Female,Chittagong,Silver,0
56,47208,53887,79,Female,Chittagong,Basic,0
50,138516,50847,43,Female,Dhaka,Gold,1
18,149612,59653,97,Female,Dhaka,Silver,0
44,105150,57622,31,Female,Sylhet,Gold,1
30,86024,28810,99,Female,Khulna,Basic,0
58,59882,78842,17,Male,Khulna,Silver,0
20,45923,11503,83,Female,Rajshahi,Gold,0
56,146561,37976,110,Female,Chittagong,Gold,1
23,134044,12590,182,Male,Dhaka,Silver,1
25,121477,11886,190,Male,Rajshahi,Gold,1
44,49165,13866,32,Male,Rajshahi,Gold,0
26,87203,67624,168,Male,Dhaka,Basic,1
54,111749,69899,141,Female,Khulna,Basic,1
50,24114,33792,35,Female,Chittagong,Basic,0
59,84965,10764,133,Female,Khulna,Basic,0
61,56321,43727,29,Female,Rajshahi,Basic,0
41,93297,79471,70,Male,Chittagong,Basic,0
32,116652,9068,153,Female,Sylhet,Silver,0
49,119304,8295,95,Female,Rajshahi,Basic,0
49,133942,42160,22,Male,Khulna,Gold,1
41,45426,12390,194,Female,Khulna,Silver,0
58,37772,21131,173,Female,Khulna,Gold,0
29,123754,76969,69,Female,Dhaka,Basic,0
56,23712,16038,89,Female,Rajshahi,Basic,0
19,21367,53327,72,Male,Chittagong,Gold,0
20,126493,78064,129,Male,Khulna,Gold,1
54,127317,22281,172,Male,Khulna,Gold,1
34,135142,55189,87,Male,Dhaka,Platinum,1
19,111736,49511,96,Male,Chittagong,Platinum,1
19,71924,9605,75,Female,Rajshahi,Platinum,0
45,23726,2381,167,Female,Sylhet,Platinum,0
40,109152,67634,54,Male,Dhaka,Silver,0
54,47723,20810,88,Male,Rajshahi,Basic,0
49,146969,25322,157,Male,Sylhet,Gold,1
50,123110,42869,54,Female,Khulna,Basic,0
18,120494,33955,16,Male,Khulna,Gold,1
36,29108,62388,99,Female,Chittagong,Basic,0
19,97714,11207,20,Female,Sylhet,Silver,0
61,55643,68628,46,Female,Khulna,Platinum,0
43,51324,29220,195,Female,Khulna,Basic,0
49,123896,75085,193,Male,Chittagong,Gold,1
23,103360,23031,127,Female,Rajshahi,Basic,1
49,130896,71721,58,Female,Khulna,Silver,0
21,28927,72312,181,Male,Dhaka,Silver,1
28,113680,60766,111,Female,Dhaka,Basic,1
34,116546,13449,129,Female,Rajshahi,Platinum,1
55,42443,57699,81,Female,Sylhet,Gold,0
41,99973,47092,194,Male,Chittagong,Silver,1
22,83449,64671,157,Female,Dhaka,Silver,1
51,129834,11350,84,Female,Dhaka,Basic,0
23,125314,69487,70,Male,Rajshahi,Silver,0
39,96743,18622,8,Male,Sylhet,Silver,0
28,141805,71263,29,Female,Sylhet,Gold,1
33,80233,54117,112,Female,Rajshahi,Platinum,1
50,45537,59394,179,Male,Dhaka,Gold,1
26,121293,24782,161,Female,Chittagong,Platinum,1
23,97576,29454,131,Male,Dhaka,Gold,1
33,127522,68904,188,Female,Sylhet,Basic,1
46,42612,16592,163,Male,Dhaka,Silver,0
20,113977,23173,197,Female,Chittagong,Platinum,1
37,26471,34204,108,Male,Khulna,Basic,0
53,55631,36596,109,Male,Dhaka,Silver,0
36,148449,35324,20,Male,Rajshahi,Silver,0
43,128997,62202,73,Male,Khulna,Silver,0
20,112059,31750,167,Male,Rajshahi,Gold,1
36,51348,77112,4,Female,Rajshahi,Basic,0
37,84732,17566,19,Female,Rajshahi,Basic,0
49,21177,8190,102,Male,Dhaka,Silver,0
24,24760,39333,173,Female,Sylhet,Platinum,1
58,52779,2589,171,Female,Khulna,Basic,0
50,41636,26235,141,Female,Chittagong,Gold,0
57,101889,1159,141,Female,Sylhet,Platinum,1
56,73551,13145,188,Female,Dhaka,Platinum,0
35,31556,32921,185,Female,Rajshahi,Platinum,1
57,47598,17237,86,Male,Chittagong,Platinum,0
18,31563,9244,52,Female,Khulna,Basic,0
28,66819,15743,111,Female,Sylhet,Silver,0
45,129326,47101,181,Female,Sylhet,Platinum,1
42,93770,57378,109,Male,Chittagong,Gold,1
40,111055,72126,86,Female,Dhaka,Gold,1
48,46966,57071,43,Female,Khulna,Silver,0
47,140133,72121,42,Female,Chittagong,Basic,0
59,101709,75763,90,Male,Rajshahi,Silver,0
52,79889,13237,115,Female,Khulna,Platinum,0
24,46987,16649,26,Male,Sylhet,Basic,0
33,98714,38713,151,Female,Chittagong,Basic,1
43,124874,74463,43,Male,Sylhet,Platinum,1
19,78348,46409,77,Male,Sylhet,Gold,0
18,44596,49766,156,Male,Sylhet,Platinum,1
29,53174,47154,137,Female,Dhaka,Silver,1
22,84106,8016,20,Male,Sylhet,Platinum,0
54,127510,49688,184,Male,Rajshahi,Gold,1
49,89967,55238,39,Male,Rajshahi,Platinum,1
26,79182,59608,179,Male,Khulna,Silver,1
58,113300,32897,12,Female,Sylhet,Silver,0
52,107163,51961,183,Female,Sylhet,Gold,1
36,59310,69703,11,Female,Chittagong,Silver,0
33,76088,45757,154,Female,Dhaka,Silver,0
20,148803,27917,42,Male,Khulna,Platinum,0
37,28906,23736,155,Female,Sylhet,Basic,0
41,56914,28990,11,Male,Chittagong,Silver,0
50,130350,63551,38,Female,Dhaka,Silver,0
41,65379,59161,98,Female,Khulna,Gold,0
28,98612,23440,171,Female,Khulna,Gold,1
25,134828,36205,19,Male,Sylhet,Platinum,1
53,147445,56103,192,Female,Khulna,Platinum,1
55,57650,71812,134,Female,Chittagong,Silver,0
57,66881,42627,174,Female,Khulna,Basic,0
37,66413,20008,116,Male,Rajshahi,Basic,0
52,26012,72274,113,Female,Chittagong,Platinum,1
42,70115,33402,170,Female,Dhaka,Gold,1
52,27151,54384,65,Male,Dhaka,Silver,0
42,77716,6793,99,Male,Sylhet,Silver,0
46,113747,6571,72,Female,Sylhet,Basic,0
35,112653,17209,187,Female,Rajshahi,Platinum,1
63,56378,44148,52,Female,Dhaka,Basic,0
35,62652,3224,118,Male,Dhaka,Basic,0
19,92430,49695,175,Male,Dhaka,Platinum,1
52,33467,33441,120,Male,Dhaka,Gold,1
33,51010,40129,7,Female,Khulna,Silver,0
58,148647,63368,11,Male,Chittagong,Gold,1
53,141999,45760,103,Female,Chittagong,Platinum,1
50,134793,24478,61,Male,Rajshahi,Platinum,0
21,74691,72854,68,Male,Khulna,Silver,0
50,84157,13180,153,Male,Dhaka,Gold,1
31,128177,16372,140,Female,Dhaka,Silver,0
38,32289,30796,154,Female,Sylhet,Basic,0
37,64976,59272,102,Female,Sylhet,Basic,0
25,63596,55040,110,Female,Rajshahi,Basic,0
24,43171,76357,140,Male,Dhaka,Gold,1
20,120441,72368,171,Female,Rajshahi,Basic,1
34,146296,79356,51,Male,Khulna,Silver,0
50,106365,17211,117,Female,Chittagong,Gold,1
29,138218,6842,165,Female,Dhaka,Silver,1
39,119590,64115,46,Male,Khulna,Platinum,1
39,134014,67852,53,Male,Dhaka,Gold,1
63,64139,46968,88,Female,Sylhet,Silver,0
47,68713,18508,121,Female,Rajshahi,Silver,0
55,49734,23005,13,Male,Sylhet,Gold,0
55,92588,55575,89,Male,Chittagong,Platinum,1
62,83646,19971,125,Male,Sylhet,Gold,1
25,23654,26599,118,Male,Dhaka,Basic,0
44,109022,67914,54,Male,Sylhet,Basic,0
44,38743,68055,185,Female,Dhaka,Platinum,1
51,68368,6355,116,Female,Chittagong,Silver,0
38,110025,55120,118,Female,Sylhet,Silver,1
47,94172,75619,4,Female,Rajshahi,Silver,0
50,26441,39342,75,Male,Rajshahi,Gold,0
45,139735,79860,49,Male,Rajshahi,Gold,1
64,44611,3257,7,Male,Sylhet,Platinum,0
50,139891,28364,110,Female,Sylhet,Basic,0
22,127971,25972,122,Male,Sylhet,Silver,1
36,32149,27654,11,Male,Dhaka,Basic,0
21,120102,30320,92,Female,Chittagong,Gold,1
52,79189,21808,182,Female,Rajshahi,Gold,0
34,127904,53389,173,Female,Dhaka,Gold,1
61,41675,35773,23,Male,Rajshahi,Basic,0
45,91031,52168,28,Male,Dhaka,Platinum,1
47,62668,28747,111,Female,Sylhet,Platinum,0
46,33673,77396,57,Female,Rajshahi,Gold,0
63,149582,58505,26,Male,Sylhet,Silver,0
23,96666,19135,153,Female,Rajshahi,Basic,1
52,108204,48377,54,Male,Khulna,Gold,1
58,100758,24554,29,Female,Dhaka,Basic,0
54,85429,63491,97,Female,Khulna,Basic,0
41,43669,56621,164,Female,Dhaka,Platinum,1
46,54068,59283,14,Male,Chittagong,Gold,0
63,108789,17923,78,Male,Rajshahi,Platinum,0
48,29435,48591,35,Female,Chittagong,Gold,0
52,114088,63261,30,Male,Chittagong,Basic,0
50,72249,55336,92,Female,Dhaka,Platinum,0
38,57384,75083,17,Female,Khulna,Basic,0
49,148782,61948,195,Male,Sylhet,Gold,1
40,101929,34002,158,Male,Dhaka,Silver,1
50,147959,74016,93,Male,Sylhet,Platinum,1
20,96153,27672,173,Male,Chittagong,Platinum,1
35,124056,5213,79,Female,Sylhet,Basic,0
42,95388,11293,110,Male,Khulna,Basic,0
59,51401,56860,179,Male,Dhaka,Silver,0
48,145511,63507,102,Female,Khulna,Platinum,1
20,91831,58134,106,Female,Khulna,Gold,1
57,139503,3100,47,Female,Dhaka,Gold,0
63,135760,62997,181,Female,Khulna,Platinum,1
41,121529,29172,64,Male,Rajshahi,Platinum,0
49,147834,21132,166,Male,Rajshahi,Platinum,1
64,54084,19199,64,Female,Rajshahi,Silver,0
39,140387,37609,87,Female,Sylhet,Gold,1
40,130641,43965,7,Male,Khulna,Gold,1
19,125111,9016,22,Male,Dhaka,Basic,0
44,75826,40779,81,Male,Dhaka,Basic,0
59,56451,32881,169,Male,Sylhet,Platinum,1
19,27227,25472,74,Male,Dhaka,Basic,0
43,51910,52813,138,Female,Rajshahi,Silver,0
34,56041,37021,185,Female,Khulna,Gold,1
57,108920,55131,135,Female,Dhaka,Gold,1
50,85681,25087,125,Female,Dhaka,Basic,0
26,123314,13828,50,Male,Chittagong,Platinum,0
60,101571,62610,52,Female,Chittagong,Basic,0
56,85481,2401,161,Male,Chittagong,Platinum,1
46,88576,16193,1,Male,Khulna,Silver,0
59,127958,45864,181,Male,Rajshahi,Gold,1
43,149265,21307,188,Male,Rajshahi,Silver,0
52,147556,20611,162,Male,Rajshahi,Gold,1
42,84174,44791,4,Male,Khulna,Silver,0
41,46160,12950,145,Male,Khulna,Basic,0
30,135170,77240,132,Female,Chittagong,Silver,1
24,137867,78403,171,Male,Dhaka,Silver,1
53,37633,3745,4,Female,Sylhet,Basic,0
62,114880,56243,1,Female,Sylhet,Gold,1
37,37014,4866,71,Male,Dhaka,Gold,0
18,100532,33245,178,Male,Chittagong,Basic,1
25,69104,45724,189,Female,Dhaka,Silver,1
63,61621,72354,35,Female,Dhaka,Silver,0
33,97231,52374,8,Female,Sylhet,Silver,0
31,88388,31116,152,Female,Chittagong,Platinum,1
29,36014,21447,36,Male,Khulna,Gold,0
40,112578,31431,178,Male,Sylhet,Silver,1
32,53755,18908,123,Male,Khulna,Gold,0
45,60390,30336,43,Female,Chittagong,Silver,0
51,43711,41992,27,Male,Dhaka,Basic,0
19,111658,56350,32,Female,Rajshahi,Basic,0
49,77993,70561,78,Male,Rajshahi,Gold,0
40,94696,52955,121,Female,Chittagong,Gold,1
39,47213,62240,146,Male,Rajshahi,Basic,0
42,135788,21093,156,Male,Khulna,Platinum,1
39,124956,7155,157,Female,Rajshahi,Basic,0
39,77784,47607,16,Female,Chittagong,Silver,0
59,27421,34487,99,Female,Chittagong,Platinum,0
23,106936,56668,47,Female,Khulna,Basic,0
32,119073,21963,187,Female,Rajshahi,Platinum,1
60,37727,51124,31,Male,Rajshahi,Platinum,0
54,132418,53870,4,Female,Dhaka,Platinum,1
50,24358,57547,165,Male,Sylhet,Gold,1
25,85108,65110,17,Male,Chittagong,Basic,0
61,146609,54554,39,Male,Dhaka,Gold,1
61,114018,21936,48,Male,Chittagong,Gold,0
22,144457,5426,174,Male,Dhaka,Silver,1
56,52117,28606,176,Female,Sylhet,Silver,0
21,108700,48832,39,Female,Dhaka,Platinum,1
23,51910,29151,132,Male,Chittagong,Platinum,1
62,146888,12308,30,Male,Rajshahi,Silver,0
49,118032,63522,158,Female,Chittagong,Silver,1
47,75754,46671,22,Female,Khulna,Basic,0
64,82438,3204,66,Male,Khulna,Platinum,0
52,129847,32131,108,Female,Khulna,Platinum,1
57,49371,53428,12,Female,Khulna,Silver,0
33,71501,34870,36,Female,Sylhet,Basic,0
30,80946,50067,18,Male,Rajshahi,Silver,0
59,58467,59585,90,Female,Rajshahi,Silver,0
47,37625,22607,181,Male,Chittagong,Gold,0
36,53893,25968,199,Male,Dhaka,Platinum,0
34,96329,12908,1,Male,Chittagong,Basic,0
36,51007,27423,127,Male,Chittagong,Gold,0
45,111302,75707,186,Male,Chittagong,Platinum,1
43,59532,79257,90,Female,Chittagong,Silver,0
54,74253,62215,87,Male,Rajshahi,Basic,0
43,32323,56835,90,Male,Dhaka,Platinum,0
40,131335,50429,134,Male,Chittagong,Silver,1
26,132356,39458,70,Female,Rajshahi,Gold,1
29,130944,47169,44,Female,Chittagong,Basic,0
18,93379,8659,152,Female,Khulna,Platinum,1
18,34210,61614,86,Female,Chittagong,Gold,0
64,36456,78240,19,Female,Chittagong,Silver,0
51,51367,33793,101,Female,Sylhet,Silver,0
49,74624,47473,146,Female,Khulna,Platinum,1
42,30106,56751,95,Male,Dhaka,Silver,0
57,123493,79915,101,Male,Chittagong,Basic,1
62,88008,55254,30,Female,Dhaka,Platinum,1
18,145926,8006,170,Male,Khulna,Gold,1
33,135395,75218,33,Male,Chittagong,Platinum,1
56,136492,66344,12,Female,Sylhet,Platinum,1
22,92240,34840,118,Male,Rajshahi,Gold,1
39,84315,33430,94,Male,Sylhet,Silver,0
46,89249,24091,155,Female,Sylhet,Gold,1
20,90587,33983,167,Male,Rajshahi,Basic,1
29,30756,24989,137,Female,Rajshahi,Silver,0
43,88011,76451,149,Female,Rajshahi,Platinum,1
33,56378,19990,76,Male,Chittagong,Silver,0
54,24255,37081,29,Male,Dhaka,Silver,0
39,34484,12033,161,Male,Dhaka,Basic,0
46,145703,17241,190,Female,Rajshahi,Silver,0
31,76549,6939,117,Female,Sylhet,Silver,0
45,54503,48562,15,Female,Khulna,Silver,0
22,144465,36063,2,Male,Rajshahi,Platinum,1
64,93794,77721,180,Male,Sylhet,Silver,1
47,145941,28045,117,Female,Sylhet,Gold,1
63,126283,45769,172,Male,Chittagong,Silver,1
22,120732,48118,182,Male,Chittagong,Basic,1
29,65113,22625,18,Female,Dhaka,Silver,0
33,125730,28076,3,Female,Dhaka,Silver,0
43,94069,65805,135,Male,Khulna,Platinum,1
43,118117,45605,171,Female,Khulna,Gold,1
38,25249,40121,166,Male,Khulna,Silver,0
56,145654,66101,165,Female,Khulna,Gold,1
53,139979,32433,186,Female,Sylhet,Basic,1
50,39201,44309,161,Female,Sylhet,Platinum,1
47,145541,68468,108,Male,Dhaka,Gold,1
54,78576,45254,187,Male,Chittagong,Platinum,1
40,138562,68293,95,Female,Chittagong,Silver,0
27,145281,38853,122,Female,Rajshahi,Basic,1
22,29686,39405,11,Female,Sylhet,Platinum,0
53,132413,67652,68,Male,Khulna,Silver,0
51,73363,44527,123,Female,Khulna,Gold,1
48,117543,78227,196,Female,Rajshahi,Basic,1
27,20661,1492,113,Female,Chittagong,Basic,0
36,64843,9811,98,Female,Khulna,Gold,0
49,115673,25272,93,Male,Chittagong,Gold,0
18,80963,73010,22,Male,Rajshahi,Basic,0
22,133092,48153,194,Female,Chittagong,Platinum,1
62,62828,55110,172,Male,Chittagong,Basic,0
21,68604,14979,127,Male,Chittagong,Gold,1
33,30526,29328,134,Male,Khulna,Platinum,0
41,88910,13867,170,Female,Dhaka,Silver,0
33,45592,60234,25,Male,Sylhet,Basic,0
19,48982,26851,185,Male,Chittagong,Gold,1
45,20207,32279,85,Male,Chittagong,Silver,0
49,120969,74402,55,Female,Chittagong,Basic,0
44,137181,16449,144,Female,Dhaka,Basic,0
37,108733,77221,95,Male,Rajshahi,Platinum,1
41,118936,6451,142,Male,Khulna,Gold,1
29,144982,42316,167,Female,Dhaka,Silver,1
52,145839,64064,156,Female,Chittagong,Basic,1
50,88619,64761,179,Male,Dhaka,Platinum,1
50,49328,39870,119,Male,Dhaka,Silver,0
60,66479,31873,177,Female,Dhaka,Silver,0
54,128427,59627,9,Female,Rajshahi,Basic,0
29,40103,67155,186,Male,Sylhet,Silver,1
20,59891,26372,173,Female,Khulna,Basic,0
18,30754,4642,150,Male,Rajshahi,Platinum,1
50,119983,29001,160,Male,Rajshahi,Platinum,1
57,101437,35064,197,Male,Sylhet,Silver,1
27,118540,15122,197,Female,Rajshahi,Basic,1
60,92982,25820,42,Male,Dhaka,Gold,0
61,122747,69431,53,Male,Dhaka,Platinum,1
46,75922,56745,187,Female,Chittagong,Basic,0
30,68231,51081,74,Female,Rajshahi,Basic,0
29,49301,71902,39,Male,Chittagong,Basic,0
48,111652,9711,122,Male,Khulna,Silver,0
63,140787,19793,15,Female,Dhaka,Gold,0
19,146823,9199,199,Female,Khulna,Silver,1
52,82711,77253,157,Female,Sylhet,Platinum,1
40,61323,37191,123,Male,Dhaka,Silver,0
34,38752,11211,111,Male,Khulna,Basic,0
43,117912,64069,131,Male,Sylhet,Silver,1
25,102205,57746,83,Female,Khulna,Basic,0
46,118452,22542,10,Male,Sylhet,Gold,0
43,33395,32312,92,Female,Sylhet,Silver,0
27,105957,46242,29,Male,Dhaka,Silver,0
43,141237,56388,35,Female,Chittagong,Silver,0
51,76273,28691,6,Male,Sylhet,Basic,0
58,147431,78960,140,Male,Sylhet,Basic,1
24,111878,23601,111,Female,Dhaka,Silver,0
21,24895,19020,38,Female,Chittagong,Silver,0
62,139968,9155,77,Male,Rajshahi,Gold,0
28,135700,70119,93,Female,Rajshahi,Gold,1
46,96559,37777,147,Female,Chittagong,Platinum,1
53,30699,20710,67,Male,Khulna,Gold,0
42,85061,25532,136,Female,Dhaka,Gold,1
38,29715,19601,8,Male,Chittagong,Gold,0
53,39169,64227,122,Male,Rajshahi,Basic,0
27,145436,5967,84,Female,Sylhet,Gold,0
54,138413,21022,175,Female,Rajshahi,Gold,1
26,36163,44463,132,Male,Sylhet,Silver,1
41,139264,75671,179,Male,Dhaka,Basic,1
52,25782,6722,85,Male,Sylhet,Platinum,0
52,108177,28413,195,Male,Chittagong,Platinum,1
53,149772,67732,45,Male,Sylhet,Gold,1
35,144481,13297,136,Male,Khulna,Platinum,1
56,104328,69323,87,Female,Chittagong,Platinum,1
49,135028,24816,16,Female,Dhaka,Platinum,0
41,55585,41695,77,Female,Chittagong,Gold,0
40,50682,20702,195,Male,Khulna,Platinum,0
49,67864,26242,9,Female,Dhaka,Gold,0
54,149992,56841,60,Male,Rajshahi,Silver,0
29,104416,68712,78,Male,Khulna,Silver,0
30,75114,54574,77,Female,Dhaka,Platinum,0
40,147810,29482,71,Male,Sylhet,Silver,0
42,58067,10171,15,Male,Chittagong,Gold,0
52,62685,4696,71,Male,Dhaka,Silver,0
58,142262,21058,102,Male,Chittagong,Platinum,1
47,38073,21313,169,Male,Sylhet,Gold,0
34,56035,20149,22,Male,Dhaka,Basic,0
37,84977,54521,152,Female,Rajshahi,Gold,1
42,122710,46740,113,Male,Khulna,Silver,1
39,110373,5956,172,Male,Dhaka,Basic,0
30,103362,76731,1,Male,Sylhet,Gold,1
36,110517,67641,10,Male,Dhaka,Basic,0
53,85450,64811,110,Female,Chittagong,Basic,1
29,30382,53160,184,Female,Dhaka,Basic,1
58,24437,52313,113,Male,Rajshahi,Gold,1
36,90971,64232,50,Male,Dhaka,Silver,0
29,84612,16417,12,Male,Khulna,Gold,0
26,110355,25729,89,Female,Dhaka,Silver,0
24,81929,31099,188,Female,Chittagong,Gold,1
45,122411,30961,154,Female,Dhaka,Gold,1
31,117518,13602,112,Female,Rajshahi,Gold,1
48,118864,10256,78,Male,Sylhet,Silver,0
36,32329,35681,169,Female,Dhaka,Gold,1
64,145605,65789,164,Female,Dhaka,Basic,1
33,45169,44361,121,Male,Khulna,Gold,1
22,107468,65503,23,Male,Rajshahi,Basic,0
52,54594,35540,171,Female,Sylhet,Platinum,1
29,96957,27536,134,Female,Chittagong,Platinum,1
42,80631,64043,197,Female,Dhaka,Silver,1
38,65033,79532,171,Female,Sylhet,Silver,0
53,83133,57575,25,Male,Chittagong,Platinum,1
40,93165,3871,18,Male,Rajshahi,Gold,0
33,93861,47002,190,Female,Rajshahi,Gold,1
56,72290,50812,141,Female,Sylhet,Gold,1
62,114031,23626,43,Female,Chittagong,Platinum,0
59,51750,60979,78,Female,Rajshahi,Basic,0
56,115155,77057,28,Female,Sylhet,Silver,0
31,60461,67668,146,Male,Rajshahi,Basic,0
48,93800,43998,59,Male,Rajshahi,Platinum,1
22,98222,64814,188,Male,Rajshahi,Basic,1
52,132020,46607,63,Female,Khulna,Gold,1
40,44226,8812,185,Female,Chittagong,Gold,0
46,26721,62844,92,Male,Sylhet,Basic,0
60,76154,71093,179,Male,Sylhet,Platinum,1
28,40609,3179,56,Female,Chittagong,Basic,0
35,72130,44798,155,Male,Chittagong,Gold,1
64,92909,75601,160,Female,Chittagong,Gold,1
29,124211,9275,111,Female,Chittagong,Platinum,1
26,75249,51574,137,Male,Dhaka,Basic,1
27,68895,48857,68,Male,Sylhet,Gold,0
61,114473,21700,46,Male,Dhaka,Gold,0
34,25656,40464,67,Female,Rajshahi,Basic,0
55,144865,43351,154,Female,Rajshahi,Basic,1
24,94520,14869,136,Male,Sylhet,Silver,1
63,83740,61315,6,Female,Rajshahi,Platinum,1
30,84309,21954,24,Female,Chittagong,Platinum,0
57,49984,32555,176,Female,Dhaka,Basic,0
59,138947,64353,94,Male,Chittagong,Platinum,1
26,93822,46026,173,Female,Rajshahi,Gold,1
44,25901,47976,13,Male,Dhaka,Basic,0
19,51552,46095,197,Male,Chittagong,Basic,1
22,111245,15270,25,Female,Sylhet,Basic,0
46,51055,31908,148,Male,Chittagong,Silver,0
54,57685,16523,118,Female,Rajshahi,Platinum,0
55,93965,63433,82,Male,Dhaka,Silver,0
36,34716,48068,111,Male,Sylhet,Gold,1
25,134099,20991,82,Female,Dhaka,Platinum,0
62,31138,11775,66,Male,Sylhet,Silver,0
18,55298,78801,45,Male,Dhaka,Basic,0
39,71112,62250,114,Male,Rajshahi,Silver,0
34,43429,17673,175,Female,Sylhet,Basic,0
24,70200,28056,63,Female,Khulna,Silver,0
42,91308,7614,76,Male,Dhaka,Silver,0
62,68244,8415,114,Male,Dhaka,Silver,0
21,137217,44884,111,Male,Chittagong,Basic,1
53,134055,17964,183,Female,Sylhet,Silver,0
23,121268,38726,147,Female,Khulna,Platinum,1
48,125441,38044,35,Male,Rajshahi,Platinum,1
36,37347,58149,53,Female,Chittagong,Platinum,0
61,36920,38544,26,Female,Khulna,Basic,0
56,51822,50976,14,Female,Sylhet,Basic,0
44,66659,33252,118,Female,Khulna,Platinum,1
27,60108,4832,45,Male,Dhaka,Platinum,0
43,148955,35148,172,Female,Dhaka,Platinum,1
36,109099,62240,193,Female,Chittagong,Gold,1
56,27967,78116,51,Male,Sylhet,Platinum,0
20,130719,54459,171,Male,Sylhet,Silver,1
62,31871,39402,119,Female,Khulna,Gold,1
30,114299,58727,151,Female,Chittagong,Gold,1
45,97452,39578,184,Male,Sylhet,Basic,1
37,94270,23318,19,Male,Dhaka,Silver,0
45,53613,76715,82,Male,Khulna,Basic,0
25,48179,78787,76,Female,Rajshahi,Basic,0
58,140465,21466,183,Female,Dhaka,Silver,0
56,72188,46475,92,Male,Chittagong,Basic,0
18,75099,61142,188,Female,Sylhet,Silver,1
20,55262,27564,187,Male,Dhaka,Silver,0
30,98213,23412,33,Female,Rajshahi,Basic,0
45,137407,52001,147,Male,Rajshahi,Platinum,1
42,38268,58649,28,Male,Chittagong,Basic,0
50,97866,61957,123,Female,Dhaka,Gold,1
55,106269,36517,180,Female,Khulna,Basic,1
23,80545,14156,126,Female,Dhaka,Silver,1
61,123483,24064,177,Female,Rajshahi,Gold,1
62,112822,26711,37,Female,Chittagong,Silver,0
49,92146,31106,154,Female,Chittagong,Platinum,1
62,91966,66458,99,Male,Khulna,Platinum,1
64,59922,17589,98,Female,Chittagong,Gold,0
38,99364,8214,127,Male,Chittagong,Platinum,1
33,62913,28127,168,Male,Chittagong,Platinum,0
38,117033,6141,80,Female,Chittagong,Basic,0
28,124792,29884,38,Male,Chittagong,Basic,0
54,139425,3708,77,Male,Rajshahi,Platinum,0
53,75677,19375,126,Female,Dhaka,Platinum,0
52,122154,16088,87,Female,Sylhet,Basic,0
36,69841,58615,54,Female,Chittagong,Platinum,0
37,66332,46046,150,Male,Sylhet,Platinum,1
35,112062,11014,16,Female,Sylhet,Silver,0
64,139863,65425,28,Female,Rajshahi,Platinum,1
58,115694,4273,163,Female,Chittagong,Gold,1
31,45032,48135,188,Female,Sylhet,Silver,0
32,57846,31881,173,Male,Chittagong,Gold,1
48,79474,79077,46,Female,Khulna,Platinum,0
18,64936,9712,72,Male,Khulna,Basic,0
20,49794,75704,183,Female,Khulna,Silver,1
33,81588,53874,85,Male,Sylhet,Basic,0
40,90984,70087,26,Male,Khulna,Silver,0
28,70331,13297,85,Male,Rajshahi,Basic,0
29,114397,28128,153,Female,Rajshahi,Silver,1
27,48141,69368,65,Male,Sylhet,Silver,0
49,29074,79958,134,Female,Chittagong,Gold,1
33,26406,33920,151,Female,Dhaka,Basic,0
25,117359,12156,115,Female,Chittagong,Gold,1
55,143279,12108,64,Female,Chittagong,Gold,0
29,43291,32845,87,Female,Chittagong,Basic,0
41,61568,3800,171,Male,Chittagong,Silver,0
45,117539,43712,107,Female,Dhaka,Gold,1
25,66851,3610,151,Male,Khulna,Basic,0
45,119942,78603,96,Male,Chittagong,Silver,0
53,74823,34872,158,Male,Rajshahi,Gold,1
43,43312,11728,77,Male,Sylhet,Gold,0
25,63108,21583,146,Male,Sylhet,Gold,1
45,86918,8263,87,Male,Rajshahi,Silver,0
45,54171,68450,149,Male,Chittagong,Gold,1
54,61779,20456,57,Female,Dhaka,Silver,0
58,88828,66942,103,Male,Khulna,Platinum,1
53,127315,14689,151,Female,Sylhet,Gold,1
44,118723,33934,91,Male,Khulna,Platinum,1
34,32411,34276,45,Male,Dhaka,Basic,0
26,122821,20873,172,Male,Sylhet,Gold,1
50,137990,14050,88,Male,Khulna,Basic,0
37,77009,67216,115,Female,Dhaka,Basic,0
30,35422,22644,47,Female,Khulna,Basic,0
45,62468,63021,168,Female,Chittagong,Platinum,1
46,52371,38125,179,Male,Dhaka,Silver,0
30,77022,67899,170,Male,Khulna,Platinum,1
63,91229,43291,135,Male,Chittagong,Platinum,1
52,119071,36060,50,Female,Chittagong,Basic,0
23,71196,2538,176,Male,Dhaka,Gold,1
35,100354,37176,84,Female,Rajshahi,Silver,0
22,116774,42520,91,Female,Sylhet,Basic,0
64,116410,26675,134,Male,Dhaka,Silver,0
42,46715,19287,91,Male,Chittagong,Platinum,0
19,47605,1174,137,Female,Chittagong,Silver,0
27,119853,35998,109,Female,Dhaka,Silver,1
47,51174,54312,57,Female,Rajshahi,Gold,0
62,29956,13112,31,Male,Sylhet,Basic,0
22,124444,76225,21,Male,Khulna,Silver,0
50,96373,45814,90,Male,Dhaka,Silver,0
18,89252,51719,40,Male,Sylhet,Platinum,1
35,81949,34919,112,Male,Sylhet,Platinum,1
49,82646,74155,45,Male,Chittagong,Silver,0
64,90017,72569,77,Female,Khulna,Basic,0
28,83037,42328,177,Female,Dhaka,Silver,1
38,109818,71482,87,Female,Chittagong,Silver,0
43,26548,25618,148,Male,Chittagong,Gold,0
42,136981,35675,101,Female,Rajshahi,Basic,1
39,123141,19919,117,Male,Sylhet,Gold,1
44,93294,5173,92,Male,Dhaka,Basic,0
30,129204,27400,145,Female,Dhaka,Basic,0
50,43177,51445,28,Male,Dhaka,Basic,0
51,44022,71305,169,Female,Chittagong,Gold,1
58,126297,38564,194,Female,Rajshahi,Gold,1
52,140695,46814,25,Male,Khulna,Gold,1
18,25542,28962,58,Female,Chittagong,Platinum,0
38,111012,71533,41,Female,Khulna,Gold,1
23,116320,57184,134,Female,Rajshahi,Platinum,1
45,80428,11578,75,Female,Sylhet,Platinum,0
34,42740,19624,38,Male,Dhaka,Platinum,0
22,79353,40194,134,Female,Khulna,Silver,1
48,110353,1389,173,Female,Chittagong,Silver,0
22,133132,68391,75,Female,Khulna,Silver,0
55,76532,14794,142,Male,Sylhet,Platinum,0
20,36052,59002,66,Female,Dhaka,Platinum,0
40,120689,36531,168,Male,Khulna,Basic,1
54,67076,53815,3,Female,Sylhet,Platinum,0
54,73420,5986,117,Female,Chittagong,Silver,0
27,20671,33298,99,Female,Rajshahi,Platinum,0
27,20163,2481,152,Male,Chittagong,Platinum,1
36,61424,57408,19,Male,Dhaka,Basic,0
34,129538,70267,146,Male,Chittagong,Platinum,1
38,73744,17835,192,Male,Chittagong,Gold,0
31,90331,28798,116,Male,Chittagong,Basic,0
26,30634,65887,125,Male,Chittagong,Platinum,1
63,24798,20477,88,Female,Dhaka,Platinum,0
18,42420,18266,35,Male,Sylhet,Basic,0
62,137043,44526,190,Female,Khulna,Platinum,1
30,140575,12889,1,Male,Rajshahi,Silver,0
21,147158,25335,153,Male,Khulna,Gold,1
18,49300,12254,173,Male,Khulna,Gold,1
57,109881,12442,177,Female,Rajshahi,Silver,0
49,30749,47289,126,Male,Dhaka,Platinum,1
51,124131,54747,89,Male,Rajshahi,Platinum,1
45,45121,38327,144,Female,Dhaka,Gold,1
48,148563,17199,147,Female,Khulna,Platinum,1
25,57487,73827,151,Female,Dhaka,Gold,1
56,113947,1112,25,Female,Sylhet,Gold,0
43,53361,20581,16,Male,Rajshahi,Silver,0
51,41223,60722,182,Female,Sylhet,Gold,1
20,92930,17523,73,Male,Khulna,Platinum,0
29,34056,67960,129,Male,Rajshahi,Platinum,1
18,48380,20552,42,Female,Khulna,Basic,0
61,46035,11808,147,Male,Sylhet,Platinum,0
22,50620,73525,162,Female,Khulna,Basic,1
47,39877,24620,80,Male,Rajshahi,Gold,0
47,145481,1887,104,Female,Rajshahi,Platinum,1
34,75316,32802,183,Female,Khulna,Silver,0
64,84041,27049,146,Female,Rajshahi,Silver,0
40,128940,78789,34,Female,Rajshahi,Silver,0
32,137360,8846,89,Female,Khulna,Gold,0
54,73352,47220,125,Female,Sylhet,Gold,1
38,50911,47163,45,Male,Rajshahi,Basic,0
31,52784,4765,134,Male,Rajshahi,Silver,0
19,23191,46270,21,Male,Rajshahi,Basic,0
28,53160,76277,122,Female,Rajshahi,Basic,1
56,110536,23931,70,Male,Khulna,Platinum,0
55,124576,56633,96,Female,Sylhet,Platinum,1
51,84641,52913,105,Male,Sylhet,Silver,1
55,69723,26991,48,Male,Dhaka,Gold,0
51,23631,55845,39,Female,Rajshahi,Platinum,0
35,26172,56312,31,Male,Rajshahi,Gold,0
47,62080,11561,10,Male,Dhaka,Basic,0
32,109097,17901,30,Male,Sylhet,Basic,0
44,110353,63875,18,Female,Chittagong,Basic,0
51,40281,26917,188,Male,Chittagong,Basic,0
55,48671,63120,88,Female,Sylhet,Silver,0
50,142811,2988,125,Male,Rajshahi,Basic,0
41,71431,15256,73,Male,Chittagong,Platinum,0
32,110900,29230,15,Male,Khulna,Basic,0
47,142139,60778,4,Male,Khulna,Gold,1
59,127210,46833,191,Female,Dhaka,Platinum,1
34,147734,23625,168,Male,Sylhet,Gold,1
22,112961,33088,9,Female,Sylhet,Gold,1
46,135463,42167,109,Female,Chittagong,Silver,1
21,48602,72291,137,Male,Rajshahi,Silver,1
27,108789,66303,154,Male,Sylhet,Gold,1
34,71399,77361,132,Female,Chittagong,Gold,1
27,43472,5117,16,Female,Chittagong,Basic,0
34,69230,61710,143,Male,Sylhet,Platinum,1
37,93616,68054,99,Male,Chittagong,Basic,0
41,27099,31949,121,Male,Dhaka,Silver,0
22,138614,23547,52,Male,Dhaka,Silver,0
51,45431,69136,69,Male,Sylhet,Basic,0
23,76492,65619,5,Female,Rajshahi,Platinum,0
19,116722,62842,20,Male,Dhaka,Gold,1
30,67684,27990,79,Male,Dhaka,Basic,0
60,50111,17193,146,Female,Sylhet,Silver,0
60,125387,31109,111,Male,Khulna,Platinum,1
28,83936,20233,2,Male,Chittagong,Silver,0
64,42614,35510,93,Female,Dhaka,Platinum,0
40,112260,2306,13,Male,Khulna,Platinum,0
33,61991,4849,4,Female,Rajshahi,Platinum,0
48,90476,13360,170,Male,Khulna,Basic,0
28,137959,46800,109,Male,Sylhet,Basic,1
33,80920,37963,74,Male,Rajshahi,Basic,0
25,114294,55330,189,Female,Rajshahi,Platinum,1
21,83530,52707,95,Female,Khulna,Platinum,1
57,56224,19689,105,Female,Sylhet,Silver,0
21,27788,30084,8,Female,Dhaka,Gold,0
42,48082,41387,67,Male,Khulna,Basic,0
20,143287,75816,191,Female,Dhaka,Platinum,1
49,109570,3642,110,Female,Khulna,Silver,0
20,121015,43137,9,Female,Dhaka,Silver,0
44,96816,56561,117,Male,Khulna,Silver,1
46,103588,63260,11,Male,Rajshahi,Basic,0
49,36531,16438,99,Female,Chittagong,Basic,0
36,108340,49442,42,Female,Rajshahi,Gold,1
38,114439,3994,141,Male,Dhaka,Silver,0
22,64857,2813,164,Female,Sylhet,Basic,0
35,30142,56276,120,Female,Rajshahi,Silver,0
45,135053,42243,141,Female,Chittagong,Platinum,1
59,68355,63912,12,Female,Dhaka,Silver,0
39,29866,61272,37,Male,Rajshahi,Gold,0
38,90067,43051,74,Male,Khulna,Basic,0
23,130990,79854,73,Male,Sylhet,Platinum,1
18,123634,66618,52,Female,Dhaka,Basic,0
22,123814,2920,199,Female,Rajshahi,Platinum,1
58,145426,78219,130,Male,Dhaka,Silver,1
29,84027,77872,56,Male,Khulna,Silver,0
43,77906,3093,60,Male,Chittagong,Gold,0
63,48138,13905,23,Female,Rajshahi,Gold,0
51,112601,25351,103,Male,Dhaka,Platinum,1
31,49956,31981,40,Female,Dhaka,Gold,0
43,127268,74903,64,Female,Dhaka,Gold,1
62,124797,71821,85,Male,Chittagong,Gold,1
44,144917,79513,151,Male,Dhaka,Gold,1
26,146303,20874,157,Female,Sylhet,Silver,1
43,96295,51931,179,Male,Sylhet,Gold,1
64,25439,8674,197,Male,Dhaka,Silver,0
39,67241,51516,89,Female,Sylhet,Silver,0
64,62533,61686,31,Female,Rajshahi,Basic,0
47,48270,70212,178,Female,Sylhet,Silver,0
60,98815,3426,20,Female,Dhaka,Silver,0
34,59279,69498,183,Female,Khulna,Gold,1
43,129787,30943,130,Male,Rajshahi,Silver,1
53,43888,67395,153,Female,Chittagong,Platinum,1
18,37630,45816,13,Female,Dhaka,Gold,0
25,81063,5138,122,Female,Chittagong,Gold,1
52,138527,76945,103,Male,Khulna,Gold,1
32,143239,5017,106,Female,Chittagong,Basic,0
64,147896,11451,119,Female,Dhaka,Gold,1
39,55144,63956,70,Female,Dhaka,Silver,0
31,72161,11278,195,Male,Khulna,Platinum,0
43,116718,44764,186,Female,Dhaka,Gold,1
45,145873,2134,99,Female,Khulna,Gold,0
40,111074,63943,82,Female,Khulna,Platinum,1
31,97360,55318,75,Male,Dhaka,Gold,1
41,70979,61128,118,Male,Sylhet,Basic,0
19,117661,22869,84,Male,Khulna,Silver,0
62,26979,6039,192,Male,Dhaka,Platinum,0
43,46189,22281,69,Female,Sylhet,Platinum,0
31,62600,11442,59,Female,Khulna,Basic,0
24,79560,74788,188,Male,Sylhet,Silver,1
20,98040,28586,126,Male,Rajshahi,Basic,1
64,143257,54053,111,Female,Rajshahi,Silver,1
40,81558,51489,62,Female,Sylhet,Basic,0
63,106205,68087,144,Male,Khulna,Gold,1
60,26910,13625,128,Male,Dhaka,Basic,0
64,77713,35397,105,Male,Chittagong,Platinum,1
62,66857,59671,68,Male,Dhaka,Platinum,0
35,54964,67897,15,Female,Chittagong,Platinum,0
55,105667,27149,183,Male,Chittagong,Basic,0
52,45227,61030,35,Male,Khulna,Platinum,0
32,25978,70906,183,Female,Sylhet,Platinum,1
42,107527,6283,14,Female,Dhaka,Gold,0
54,37153,8610,177,Female,Sylhet,Gold,0
45,79765,44326,102,Female,Rajshahi,Silver,0
27,119084,15924,100,Female,Khulna,Silver,0
56,128212,77162,7,Male,Khulna,Silver,0
34,59071,1869,30,Male,Rajshahi,Basic,0
56,132990,2014,49,Male,Dhaka,Silver,0
39,89519,11103,144,Female,Rajshahi,Basic,0
43,29503,34458,111,Male,Dhaka,Basic,0
61,80703,24248,179,Female,Chittagong,Silver,0
42,84379,44516,72,Male,Khulna,Silver,0
34,115457,30061,80,Male,Dhaka,Basic,0
30,77866,25170,83,Female,Sylhet,Gold,0
37,36905,9024,42,Female,Sylhet,Platinum,0
42,65838,44803,17,Male,Khulna,Platinum,0
21,145200,20296,191,Male,Rajshahi,Platinum,1
27,78279,19257,173,Male,Rajshahi,Gold,1
20,109489,13855,7,Male,Dhaka,Basic,0
58,46806,21025,155,Male,Rajshahi,Silver,0
62,65000,5458,10,Female,Khulna,Basic,0
35,42168,64610,34,Female,Dhaka,Basic,0
64,90119,71843,36,Female,Chittagong,Silver,0
53,58714,50831,153,Female,Rajshahi,Gold,1
64,74093,44427,6,Male,Rajshahi,Platinum,0
39,75419,39506,152,Male,Dhaka,Platinum,1
51,69145,6668,146,Female,Sylhet,Basic,0
64,125432,48195,134,Male,Rajshahi,Gold,1
25,97425,74233,29,Female,Khulna,Platinum,1
57,112949,25417,126,Male,Rajshahi,Gold,1
61,97811,11751,153,Male,Chittagong,Silver,0
36,22461,47218,183,Male,Rajshahi,Basic,0
59,34291,8352,81,Female,Sylhet,Basic,0
58,66804,29927,174,Female,Rajshahi,Gold,0
54,96971,42094,152,Female,Dhaka,Platinum,1
23,113471,55122,75,Female,Rajshahi,Gold,1
43,84946,30493,26,Male,Sylhet,Silver,0
51,118989,74539,127,Male,Dhaka,Platinum,1
62,104080,32707,115,Male,Khulna,Platinum,1
23,141719,69814,126,Male,Dhaka,Gold,1
54,81332,8296,28,Female,Chittagong,Silver,0
50,97794,26398,131,Male,Dhaka,Platinum,1
39,50841,36842,75,Male,Khulna,Basic,0
38,144447,14261,166,Male,Rajshahi,Silver,0
23,140029,77709,189,Female,Dhaka,Platinum,1
23,68758,57704,78,Female,Dhaka,Gold,0
21,134726,68173,179,Female,Dhaka,Platinum,1
47,96272,32781,90,Male,Dhaka,Basic,0
28,57643,14652,176,Female,Khulna,Silver,0
47,70408,6103,21,Male,Sylhet,Platinum,0
48,63950,26500,54,Male,Sylhet,Basic,0
41,76849,36529,184,Male,Dhaka,Platinum,1
26,120500,19452,103,Female,Khulna,Platinum,1
20,48044,50393,59,Female,Khulna,Silver,0
48,125469,32174,72,Male,Dhaka,Gold,1
57,145588,65450,179,Male,Chittagong,Gold,1
54,35997,36436,20,Female,Dhaka,Basic,0
53,99751,48406,112,Female,Chittagong,Basic,1
41,118605,64059,59,Female,Dhaka,Basic,0
48,43911,16954,71,Male,Chittagong,Silver,0
23,75533,13356,137,Male,Chittagong,Gold,1
19,102566,3187,109,Male,Dhaka,Basic,0
37,114870,78243,129,Female,Chittagong,Basic,1
45,34571,36098,157,Female,Rajshahi,Platinum,1
28,128255,22225,191,Female,Sylhet,Platinum,1
21,149226,4606,56,Male,Khulna,Basic,0
32,114463,58620,196,Male,Chittagong,Platinum,1
23,77941,33828,35,Female,Chittagong,Platinum,0
47,78005,27489,123,Male,Khulna,Platinum,0
55,106250,15387,131,Female,Chittagong,Silver,0
19,78712,70463,104,Male,Khulna,Basic,0
32,63541,72832,7,Female,Dhaka,Basic,0
28,43387,3591,27,Male,Rajshahi,Platinum,0
25,113980,49516,1,Male,Rajshahi,Silver,0
43,68908,63061,199,Female,Sylhet,Platinum,1
62,105457,67736,172,Female,Chittagong,Silver,1
61,33057,62753,87,Female,Sylhet,Basic,0
22,84028,12087,41,Female,Dhaka,Platinum,0
23,130804,31816,123,Female,Rajshahi,Basic,1
43,139246,24408,75,Male,Dhaka,Silver,0
21,75731,1136,42,Female,Dhaka,Gold,0
36,44858,18413,117,Female,Chittagong,Silver,0
37,68689,60500,161,Female,Dhaka,Gold,1
50,64638,57358,178,Male,Rajshahi,Basic,0
37,111598,67197,63,Female,Sylhet,Basic,0
29,122386,33854,165,Female,Rajshahi,Platinum,1
64,66486,77240,187,Female,Chittagong,Gold,1
18,40567,17322,127,Male,Rajshahi,Silver,0
43,49739,7968,176,Male,Khulna,Basic,0
31,77804,28518,133,Female,Sylhet,Gold,0
55,128821,52925,48,Male,Khulna,Silver,0
54,23754,60848,3,Female,Khulna,Gold,0
28,47044,2700,116,Male,Chittagong,Silver,0
53,87260,24199,175,Female,Dhaka,Silver,0
30,86912,45589,190,Male,Khulna,Silver,1
60,145623,33115,99,Female,Rajshahi,Silver,0
20,28706,62934,116,Female,Dhaka,Gold,1
50,28894,55316,14,Male,Rajshahi,Gold,0
23,38037,6520,191,Female,Rajshahi,Platinum,1
27,103986,37455,112,Female,Dhaka,Gold,1
22,101942,42605,61,Female,Dhaka,Gold,1
40,71612,15955,159,Female,Rajshahi,Platinum,0
27,49725,45049,95,Male,Chittagong,Gold,0
61,25926,14917,17,Female,Sylhet,Silver,0
19,124555,71293,124,Male,Sylhet,Basic,1
30,29496,79581,24,Male,Chittagong,Basic,0
57,76447,65925,116,Male,Dhaka,Platinum,1
19,121604,71269,151,Male,Rajshahi,Gold,1
37,49806,31954,82,Female,Sylhet,Gold,0
18,108199,73617,50,Female,Rajshahi,Platinum,1
54,61321,42458,79,Male,Chittagong,Basic,0
26,142041,22113,79,Female,Rajshahi,Silver,0
34,122031,44939,70,Male,Chittagong,Gold,1
26,85095,30345,27,Female,Dhaka,Platinum,1
28,42656,47313,15,Female,Chittagong,Silver,0
32,75147,70166,50,Female,Chittagong,Platinum,0
41,111396,48861,36,Male,Sylhet,Platinum,1
55,69666,50298,8,Male,Rajshahi,Platinum,0
52,102368,48221,79,Female,Sylhet,Basic,0
47,58787,45942,131,Male,Khulna,Basic,0
48,133767,4453,190,Male,Chittagong,Platinum,1
22,82946,55935,47,Female,Khulna,Gold,1
61,41727,44370,105,Male,Sylhet,Silver,0
31,128351,9328,98,Female,Rajshahi,Gold,0
28,115081,16534,96,Female,Sylhet,Basic,0
26,142721,37320,189,Female,Rajshahi,Silver,1
51,130058,50170,160,Male,Rajshahi,Platinum,1
29,88056,9640,116,Female,Dhaka,Gold,1
52,23081,31049,13,Female,Chittagong,Gold,0
52,54196,6618,1,Male,Sylhet,Platinum,0
18,56735,57053,34,Male,Rajshahi,Gold,0
57,124749,2920,190,Male,Sylhet,Basic,0
39,100102,44937,79,Male,Sylhet,Platinum,1
46,99578,70724,78,Female,Rajshahi,Gold,1
25,45498,13207,121,Male,Khulna,Platinum,1
28,96865,66774,93,Male,Chittagong,Silver,0
58,51656,33972,98,Male,Chittagong,Platinum,0
54,87695,11799,82,Male,Dhaka,Gold,0
31,57900,72088,199,Female,Dhaka,Basic,0
47,148392,29916,159,Male,Dhaka,Platinum,1
52,137235,71463,192,Female,Chittagong,Platinum,1
38,104899,77700,153,Male,Khulna,Gold,1
54,67701,38158,38,Female,Chittagong,Basic,0
22,128777,72696,14,Female,Chittagong,Basic,0
36,39033,62510,136,Male,Chittagong,Silver,0
31,143193,59692,91,Female,Chittagong,Silver,0
43,30805,62744,54,Male,Khulna,Gold,0
21,55851,16810,130,Female,Dhaka,Basic,0
42,46832,6126,101,Female,Sylhet,Basic,0
62,83437,31009,89,Female,Dhaka,Silver,0
59,135725,1192,56,Male,Dhaka,Silver,0
42,33944,37413,94,Female,Sylhet,Gold,0
35,39873,13816,93,Male,Chittagong,Basic,0
57,60372,40082,84,Female,Khulna,Platinum,0
25,109464,66048,85,Female,Khulna,Silver,0
56,35379,51940,189,Female,Dhaka,Gold,1
57,137322,33130,22,Female,Sylhet,Basic,0
31,56751,41142,35,Female,Rajshahi,Basic,0
49,120082,37468,16,Female,Chittagong,Silver,0
55,109822,31698,50,Male,Dhaka,Gold,1
50,25110,11655,122,Male,Khulna,Platinum,0
40,74341,48897,128,Male,Sylhet,Silver,0
32,32087,31075,113,Female,Sylhet,Gold,1
50,43762,10359,171,Male,Dhaka,Basic,0
42,135812,43056,17,Female,Rajshahi,Platinum,1
34,102617,52831,80,Male,Khulna,Gold,1
50,120483,60191,186,Male,Dhaka,Platinum,1
64,29596,34272,130,Female,Rajshahi,Gold,1
19,123555,15671,132,Female,Sylhet,Gold,1
31,127539,28048,85,Male,Chittagong,Gold,0
57,38313,77274,167,Male,Khulna,Gold,1
57,133175,26963,94,Male,Khulna,Platinum,0
56,86549,44954,134,Male,Rajshahi,Silver,1
23,134914,73309,81,Female,Dhaka,Platinum,1
23,43705,1717,69,Male,Sylhet,Gold,0
20,87364,12676,69,Female,Rajshahi,Platinum,0
24,93445,5434,148,Female,Chittagong,Platinum,1
25,123892,50810,192,Male,Chittagong,Platinum,1
59,98645,5994,16,Female,Chittagong,Gold,0
32,22023,5234,51,Male,Rajshahi,Platinum,0
64,139654,70300,105,Female,Sylhet,Basic,1
46,79796,44949,165,Female,Khulna,Gold,1
50,100073,38405,197,Male,Dhaka,Platinum,1
47,112197,35872,170,Female,Khulna,Basic,1
56,84429,43215,185,Female,Sylhet,Platinum,1
44,124195,24185,66,Male,Khulna,Silver,0
53,81627,44442,9,Female,Rajshahi,Platinum,1
46,53848,52759,107,Female,Chittagong,Platinum,1
55,57804,42153,100,Male,Sylhet,Silver,0
50,35379,78535,86,Male,Sylhet,Gold,0
54,79664,3581,64,Female,Khulna,Silver,0
44,47766,52717,22,Female,Rajshahi,Gold,0
50,129126,3763,162,Female,Khulna,Silver,0
21,88099,56480,183,Male,Khulna,Platinum,1
39,56060,39759,157,Female,Sylhet,Platinum,1
19,114733,77067,166,Female,Khulna,Gold,1
27,89122,26307,110,Female,Chittagong,Gold,1
22,36087,12064,97,Female,Khulna,Basic,0
27,68868,77848,18,Female,Chittagong,Basic,0
50,139119,38548,71,Female,Sylhet,Platinum,1
55,43225,37945,193,Male,Rajshahi,Platinum,1
30,115286,48937,127,Male,Chittagong,Basic,1
48,26643,7476,97,Female,Rajshahi,Basic,0
64,113059,52756,1,Female,Rajshahi,Gold,1
53,56727,3382,132,Male,Chittagong,Silver,0
62,31005,50683,4,Male,Sylhet,Gold,0
41,129079,46276,125,Male,Dhaka,Basic,1
32,85697,34402,82,Female,Rajshahi,Platinum,1
46,36029,27946,27,Female,Rajshahi,Basic,0
25,135281,74933,171,Female,Sylhet,Platinum,1
22,34226,23335,59,Female,Sylhet,Platinum,0
46,83646,46095,32,Male,Khulna,Platinum,1
64,80603,28197,161,Male,Sylhet,Platinum,1
21,48731,23010,28,Male,Rajshahi,Silver,0
29,129458,25123,106,Male,Chittagong,Basic,0
62,130384,3890,105,Female,Dhaka,Gold,1
19,88926,9026,183,Female,Khulna,Platinum,1
44,25997,65925,188,Male,Chittagong,Platinum,1
48,75506,69842,70,Male,Dhaka,Gold,0
53,98229,34665,62,Male,Dhaka,Gold,1
53,69815,10277,34,Male,Dhaka,Platinum,0
43,62092,43239,87,Male,Chittagong,Gold,0
60,82539,48664,114,Female,Khulna,Gold,1
44,86077,49008,106,Female,Khulna,Silver,1
22,41817,15683,56,Male,Dhaka,Gold,0
37,57861,1670,113,Male,Chittagong,Basic,0
28,33428,18889,13,Male,Dhaka,Basic,0
27,63934,56612,184,Female,Sylhet,Basic,1
57,135555,45535,18,Female,Khulna,Platinum,1
55,134367,79542,182,Female,Rajshahi,Basic,1
23,30258,55319,113,Male,Dhaka,Silver,0
25,77775,22639,171,Female,Sylhet,Basic,0
40,101580,65712,39,Male,Khulna,Platinum,1
64,114947,17633,189,Female,Chittagong,Silver,0
43,25469,35660,170,Female,Khulna,Basic,0
63,48854,69975,79,Female,Chittagong,Silver,0
60,26256,33172,146,Male,Chittagong,Silver,0
29,144086,60197,151,Male,Dhaka,Platinum,1
43,96256,59847,182,Female,Dhaka,Platinum,1
30,53937,12577,30,Male,Khulna,Silver,0
57,119134,78299,98,Male,Sylhet,Basic,0
35,21651,21176,58,Male,Khulna,Platinum,0
42,70288,45386,196,Male,Rajshahi,Silver,0
50,104730,64972,67,Male,Chittagong,Gold,1
64,45051,42003,71,Male,Chittagong,Gold,0
57,47386,20996,146,Male,Dhaka,Platinum,0
60,95054,36931,106,Female,Sylhet,Basic,1
29,131562,36710,7,Male,Dhaka,Gold,1
61,36184,35693,40,Male,Rajshahi,Gold,0
53,53787,36740,70,Female,Khulna,Gold,0
21,41621,78241,193,Female,Khulna,Basic,1
22,95564,77502,68,Female,Sylhet,Basic,0
54,97984,18374,49,Female,Dhaka,Platinum,0
25,79792,77674,52,Male,Dhaka,Platinum,0
59,65253,46913,114,Female,Rajshahi,Gold,1
45,54051,67025,107,Female,Khulna,Basic,0
48,69811,45516,29,Male,Dhaka,Silver,0
26,50447,27069,149,Male,Sylhet,Gold,1
46,148046,57233,78,Male,Khulna,Platinum,1
31,103930,60049,9,Female,Rajshahi,Basic,0
57,143278,40178,175,Male,Sylhet,Platinum,1
58,120037,33821,76,Female,Chittagong,Platinum,1
39,50254,52727,42,Male,Rajshahi,Basic,0
28,104045,61935,179,Male,Sylhet,Gold,1
40,136859,17999,184,Female,Dhaka,Basic,0
18,77418,63522,179,Male,Chittagong,Gold,1
63,134534,39712,198,Male,Rajshahi,Platinum,1
54,34472,65551,128,Male,Dhaka,Basic,0
38,131193,41172,20,Male,Chittagong,Silver,0
43,23471,34722,155,Male,Khulna,Gold,1
63,127332,11625,166,Female,Dhaka,Silver,0
53,140312,68165,72,Female,Sylhet,Gold,1
40,143379,77509,65,Male,Rajshahi,Basic,0
18,115804,7859,182,Female,Chittagong,Silver,1
57,28329,42609,113,Female,Dhaka,Basic,0
32,54865,44307,24,Female,Khulna,Gold,0
38,66850,22839,128,Male,Rajshahi,Gold,0
64,74220,28216,175,Male,Rajshahi,Gold,0
26,132234,53953,199,Male,Dhaka,Gold,1
26,113808,61593,83,Female,Khulna,Platinum,1
27,128381,73075,63,Female,Chittagong,Gold,1
43,26397,50522,185,Male,Dhaka,Silver,0
58,117909,5886,183,Male,Chittagong,Gold,1
52,149004,8485,60,Female,Rajshahi,Basic,0
42,55525,32455,99,Female,Chittagong,Platinum,0
43,73072,17767,62,Male,Khulna,Silver,0
28,110106,29453,30,Female,Sylhet,Platinum,0
55,103820,77280,22,Female,Khulna,Platinum,1
19,104530,54442,126,Female,Chittagong,Platinum,1
24,43284,52877,157,Female,Dhaka,Basic,1
35,81330,13226,169,Female,Rajshahi,Platinum,1
44,103369,23588,42,Female,Sylhet,Platinum,0
51,45122,79976,98,Female,Dhaka,Gold,0
44,90553,32709,193,Male,Dhaka,Basic,1
34,101906,48788,31,Male,Khulna,Silver,0
60,114788,38019,158,Female,Chittagong,Silver,1
61,82812,45948,112,Female,Khulna,Silver,1
41,27999,66133,146,Female,Chittagong,Basic,0
42,42436,67458,122,Male,Khulna,Silver,0
24,62963,28526,17,Male,Dhaka,Basic,0
23,22096,74493,38,Female,Rajshahi,Gold,0
41,149940,53198,142,Male,Chittagong,Gold,1
50,133737,44395,110,Female,Sylhet,Basic,1
46,45279,25031,184,Female,Sylhet,Silver,0
60,141092,76542,22,Female,Dhaka,Basic,0
39,128899,38701,195,Female,Khulna,Basic,1
43,134245,26939,56,Female,Khulna,Platinum,0
45,46201,50145,119,Female,Dhaka,Basic,0
38,39715,21324,147,Female,Sylhet,Platinum,0
24,49309,23867,57,Male,Sylhet,Gold,0
34,35078,1203,172,Female,Khulna,Platinum,0
37,76614,17544,35,Male,Chittagong,Basic,0
58,25105,16899,114,Female,Rajshahi,Gold,0
37,137666,30063,125,Female,Chittagong,Platinum,1
39,114848,4748,129,Male,Sylhet,Basic,0
45,22839,67629,52,Male,Chittagong,Gold,0
57,88920,21884,85,Female,Rajshahi,Platinum,0
24,63619,26183,198,Male,Chittagong,Basic,0
18,62821,72246,165,Female,Chittagong,Basic,1
49,145736,20259,65,Female,Chittagong,Silver,0
30,33493,36959,179,Male,Chittagong,Silver,0
47,37069,34457,129,Male,Dhaka,Platinum,1
40,132443,3103,21,Male,Sylhet,Platinum,0
36,27531,66901,181,Male,Rajshahi,Platinum,1
49,57051,45535,16,Female,Sylhet,Basic,0
47,27736,17103,123,Male,Dhaka,Platinum,0
46,27710,79278,61,Male,Dhaka,Basic,0
62,87155,13391,54,Male,Dhaka,Platinum,0
46,33975,29901,168,Male,Dhaka,Basic,0
47,82424,68914,26,Male,Chittagong,Basic,0
33,65603,51357,80,Female,Sylhet,Silver,0
57,43252,39437,65,Female,Khulna,Gold,0
36,100797,36503,100,Male,Rajshahi,Basic,0
35,21431,76403,74,Male,Dhaka,Platinum,0
18,94603,42258,192,Female,Sylhet,Silver,1
31,57481,34724,171,Male,Dhaka,Platinum,1
64,112573,65286,17,Female,Dhaka,Platinum,1
19,29557,75842,121,Female,Dhaka,Basic,1
45,94971,15908,187,Male,Dhaka,Basic,0
47,123302,51626,23,Female,Dhaka,Gold,1
55,20162,38228,135,Male,Rajshahi,Basic,0
21,54742,24386,172,Male,Sylhet,Basic,0
18,39675,47754,181,Female,Dhaka,Gold,1
25,93997,29302,71,Female,Dhaka,Platinum,0
46,37015,61815,108,Male,Dhaka,Gold,1
56,70057,64344,79,Female,Dhaka,Gold,0
20,52591,36618,162,Male,Chittagong,Gold,1
49,113583,77234,46,Female,Chittagong,Silver,0
27,146133,62114,196,Female,Khulna,Platinum,1
27,120318,71130,78,Male,Dhaka,Silver,0
36,29833,26525,16,Male,Khulna,Silver,0
63,27896,15334,71,Male,Rajshahi,Basic,0
51,52972,63767,96,Female,Khulna,Gold,0
50,69733,7644,147,Male,Sylhet,Gold,0
40,140363,33933,2,Male,Chittagong,Silver,0
45,61800,44469,10,Female,Chittagong,Basic,0
49,116044,34687,178,Female,Dhaka,Basic,1
24,25347,53656,125,Male,Dhaka,Basic,1
46,79063,18375,81,Male,Rajshahi,Platinum,0
25,115850,66206,140,Male,Rajshahi,Silver,1
18,22643,37607,70,Male,Sylhet,Platinum,0
20,60785,24993,150,Female,Dhaka,Basic,0
41,38681,45386,32,Female,Dhaka,Basic,0
40,70026,47287,105,Male,Rajshahi,Basic,0
25,123864,77312,84,Male,Rajshahi,Gold,1
64,35892,76324,129,Male,Rajshahi,Silver,0
54,67299,72196,182,Female,Chittagong,Gold,1
20,37073,71014,58,Male,Khulna,Platinum,0
50,122304,9210,198,Male,Khulna,Gold,1
45,50682,11922,146,Female,Dhaka,Silver,0
64,117798,37289,134,Female,Chittagong,Gold,1
25,146021,34340,45,Male,Rajshahi,Basic,0
51,116894,40850,97,Male,Dhaka,Platinum,1
52,144302,57984,23,Female,Chittagong,Platinum,1
49,34289,12094,23,Male,Sylhet,Basic,0
41,135359,34418,154,Male,Chittagong,Basic,1
31,27927,6741,135,Female,Dhaka,Basic,0
49,68330,73374,79,Female,Khulna,Silver,0
63,86707,69798,44,Female,Rajshahi,Gold,1
60,140279,71532,27,Male,Sylhet,Platinum,1
33,97454,23164,26,Female,Chittagong,Gold,0
21,127439,36595,97,Female,Dhaka,Basic,0
54,124646,31257,36,Male,Dhaka,Basic,0
38,85428,15211,109,Male,Rajshahi,Gold,1
31,70601,6232,55,Female,Dhaka,Platinum,0
48,97465,68753,192,Female,Dhaka,Silver,1
35,22539,53691,185,Male,Rajshahi,Gold,1
24,122263,26613,69,Male,Sylhet,Basic,0
27,131487,15026,61,Female,Khulna,Basic,0
24,42669,54535,130,Female,Khulna,Silver,1
50,90968,31908,55,Male,Chittagong,Gold,1
40,40644,53113,122,Female,Sylhet,Silver,0
38,38745,20610,97,Male,Chittagong,Silver,0
36,140852,47646,80,Female,Khulna,Platinum,1
36,148081,64185,87,Male,Rajshahi,Platinum,1
53,48228,73567,38,Male,Dhaka,Basic,0
46,138358,48574,119,Female,Khulna,Gold,1
35,54521,37182,78,Female,Sylhet,Platinum,0
19,142788,1570,157,Male,Khulna,Basic,1
18,117239,20288,154,Female,Sylhet,Gold,1
64,46928,79824,35,Female,Sylhet,Basic,0
22,38322,30877,79,Female,Sylhet,Platinum,0
37,77714,1917,67,Male,Chittagong,Basic,0
28,107896,76602,87,Female,Rajshahi,Gold,1
59,82292,65575,157,Female,Khulna,Gold,1
19,49055,73518,34,Male,Rajshahi,Basic,0
20,62891,40104,97,Female,Dhaka,Gold,0
40,101912,19062,169,Female,Khulna,Basic,0
29,26588,17999,169,Male,Rajshahi,Gold,1
37,110536,62845,151,Male,Rajshahi,Basic,1
22,26304,10941,71,Female,Dhaka,Basic,0
54,27345,62169,3,Female,Sylhet,Basic,0
55,49300,24470,58,Male,Khulna,Silver,0
47,44259,60821,32,Male,Khulna,Gold,0
26,111006,45435,31,Female,Dhaka,Platinum,1
51,108553,5529,82,Female,Sylhet,Basic,0
61,35352,13192,43,Female,Khulna,Silver,0
52,149350,75102,135,Male,Khulna,Platinum,1
39,53365,73762,105,Female,Khulna,Basic,0
61,39446,35087,1,Male,Sylhet,Platinum,0
41,22336,67677,61,Male,Dhaka,Silver,0
34,82032,5627,14,Male,Khulna,Platinum,0
27,95415,57541,180,Female,Rajshahi,Basic,1
47,117852,69226,6,Female,Sylhet,Platinum,1
63,118876,4255,103,Female,Chittagong,Platinum,1
40,27521,58433,10,Male,Dhaka,Basic,0
49,91707,6213,71,Female,Rajshahi,Silver,0
34,43481,20404,90,Male,Khulna,Silver,0
34,38474,26380,158,Male,Chittagong,Platinum,0
31,66760,20173,149,Male,Dhaka,Gold,0
26,75718,54027,126,Male,Sylhet,Platinum,1
57,64629,24989,188,Male,Chittagong,Gold,0
19,65232,25519,97,Male,Chittagong,Platinum,0
62,106544,23439,74,Female,Rajshahi,Silver,0
42,87169,77949,115,Male,Dhaka,Platinum,1
56,147941,15995,191,Female,Rajshahi,Platinum,1
26,70669,24559,170,Male,Rajshahi,Gold,1
39,98021,6021,51,Female,Khulna,Silver,0
60,129153,22119,192,Female,Sylhet,Gold,1
63,89184,52539,56,Female,Chittagong,Platinum,1
21,67945,40350,41,Female,Dhaka,Basic,0
43,33140,47223,32,Male,Sylhet,Platinum,0
46,146468,26517,15,Male,Sylhet,Platinum,0
62,103457,79653,62,Male,Dhaka,Gold,1
51,34357,23250,155,Male,Sylhet,Basic,0
40,131672,67798,28,Female,Khulna,Basic,0
54,88673,55199,64,Female,Sylhet,Gold,1
28,141673,60546,187,Female,Khulna,Silver,1
23,85633,4327,186,Male,Chittagong,Basic,1
35,96943,30768,130,Female,Chittagong,Basic,1
38,116111,65418,127,Male,Rajshahi,Gold,1
59,98258,43788,36,Female,Khulna,Silver,0
53,32924,47830,114,Female,Chittagong,Silver,0
58,89286,53446,199,Female,Sylhet,Platinum,1
55,113269,16160,13,Female,Dhaka,Platinum,0
51,147563,57583,15,Female,Dhaka,Gold,1
34,94071,34998,89,Male,Khulna,Silver,0
54,77326,28230,188,Female,Rajshahi,Gold,0
42,110023,10076,22,Male,Sylhet,Platinum,0
55,140101,70341,191,Male,Khulna,Gold,1
29,50651,32085,74,Male,Dhaka,Gold,0
40,90202,56571,25,Male,Khulna,Basic,0
59,68777,15715,101,Male,Sylhet,Basic,0
39,36994,6750,176,Male,Chittagong,Basic,0
38,87263,79768,171,Male,Sylhet,Platinum,1
44,79634,36903,117,Male,Chittagong,Gold,1
48,120158,73489,166,Female,Chittagong,Basic,1
23,30800,33093,41,Female,Chittagong,Basic,0
44,57823,35314,173,Male,Khulna,Basic,0
57,128575,49225,88,Male,Dhaka,Platinum,1
51,83878,36179,168,Male,Khulna,Platinum,1
29,38708,26338,110,Female,Dhaka,Gold,0
62,32819,70681,120,Female,Sylhet,Gold,1
24,94905,33101,97,Male,Rajshahi,Gold,1
27,83870,3775,145,Male,Sylhet,Basic,1
62,29283,46619,57,Female,Khulna,Silver,0
34,50573,46838,130,Female,Khulna,Platinum,1
43,98707,20539,96,Male,Dhaka,Basic,0
38,50933,58124,121,Male,Khulna,Basic,0
45,25774,66149,62,Male,Chittagong,Gold,0
63,92055,27616,137,Male,Khulna,Gold,1
19,30983,55567,68,Female,Dhaka,Basic,0
60,116468,38099,81,Female,Dhaka,Platinum,1
18,116334,76831,17,Male,Chittagong,Platinum,1
53,38133,62799,117,Male,Dhaka,Basic,0
43,145555,26479,50,Male,Rajshahi,Silver,0
46,34939,47172,112,Female,Sylhet,Silver,0
38,20781,56863,94,Male,Khulna,Platinum,0
28,134586,43043,168,Male,Rajshahi,Gold,1
57,76700,16408,186,Male,Khulna,Silver,0
28,47624,58980,85,Female,Rajshahi,Silver,0
53,26823,17351,149,Male,Khulna,Gold,0
56,38489,5131,146,Female,Chittagong,Silver,0
57,138555,45825,183,Male,Dhaka,Basic,1
52,59961,12349,157,Male,Dhaka,Silver,0
51,139664,61931,152,Male,Chittagong,Gold,1
64,49118,45254,74,Female,Rajshahi,Basic,0
41,120417,39225,109,Male,Sylhet,Silver,1
39,101816,13453,145,Male,Rajshahi,Platinum,1
22,42263,19814,18,Female,Dhaka,Basic,0
50,33565,19263,42,Female,Sylhet,Basic,0
53,40354,78694,101,Female,Khulna,Platinum,1
64,62951,16735,45,Male,Sylhet,Platinum,0
37,111179,16830,82,Female,Rajshahi,Silver,0
36,43648,48893,17,Male,Chittagong,Silver,0
52,70729,45673,73,Female,Khulna,Gold,0
60,61971,46066,14,Female,Rajshahi,Gold,0
34,38658,4373,177,Female,Khulna,Basic,0
62,41253,11335,157,Male,Sylhet,Platinum,0
60,84166,24741,132,Male,Dhaka,Platinum,1
51,68563,11692,82,Male,Rajshahi,Gold,0
26,46390,48295,148,Male,Chittagong,Basic,1
43,108664,46541,120,Male,Sylhet,Basic,1
19,71578,35057,120,Male,Rajshahi,Gold,1
26,99025,67983,47,Male,Chittagong,Gold,1
26,123850,20583,107,Male,Rajshahi,Gold,1
57,52658,23765,108,Male,Sylhet,Silver,0
34,26852,60287,9,Female,Rajshahi,Basic,0
18,147282,24906,79,Female,Khulna,Basic,0
42,114986,47525,155,Male,Sylhet,Basic,1
60,22551,39230,15,Male,Rajshahi,Gold,0
57,91947,20520,19,Male,Dhaka,Gold,0
59,81001,52934,90,Male,Rajshahi,Gold,1
42,69159,26566,180,Female,Khulna,Gold,0
56,142775,74193,26,Female,Chittagong,Platinum,1
52,71707,31134,154,Male,Chittagong,Gold,1
20,53243,11345,154,Female,Chittagong,Silver,0
54,41800,42185,174,Female,Dhaka,Platinum,1
61,95939,71744,92,Male,Khulna,Platinum,1
61,77828,34455,177,Male,Sylhet,Gold,1
47,27239,29018,82,Male,Chittagong,Basic,0
55,26710,55219,181,Male,Khulna,Gold,1
51,41384,46991,131,Female,Rajshahi,Basic,0
29,41038,74616,194,Male,Dhaka,Gold,1
36,60846,10486,42,Female,Khulna,Gold,0
54,107983,39862,19,Male,Khulna,Basic,0
61,87821,59870,17,Female,Sylhet,Basic,0
34,57991,44856,161,Male,Khulna,Basic,0
27,99057,32379,76,Male,Sylhet,Basic,0
64,133193,65729,177,Female,Dhaka,Silver,1
29,26971,29378,184,Female,Dhaka,Basic,0
33,49139,55353,63,Female,Rajshahi,Gold,0
41,105445,50996,131,Male,Sylhet,Gold,1
36,97067,15031,107,Female,Sylhet,Silver,0
25,100257,66982,49,Female,Chittagong,Basic,0
48,104742,37683,55,Female,Chittagong,Gold,1
38,57711,18618,154,Female,Rajshahi,Silver,0
34,26530,7587,99,Female,Dhaka,Gold,0
40,31116,63790,52,Female,Chittagong,Silver,0
54,85794,32480,100,Female,Khulna,Silver,0
33,20282,21527,117,Female,Dhaka,Platinum,0
23,99473,24569,118,Female,Khulna,Platinum,1
25,21898,12151,7,Male,Sylhet,Basic,0
42,24135,72094,46,Male,Dhaka,Platinum,0
35,26629,60174,46,Female,Rajshahi,Silver,0
42,129472,45739,100,Male,Sylhet,Gold,1
29,145147,33954,144,Male,Sylhet,Gold,1
32,105120,36303,152,Female,Khulna,Basic,1
43,139798,35700,189,Female,Sylhet,Platinum,1
58,109087,68568,54,Female,Chittagong,Basic,0
62,85031,67788,62,Female,Dhaka,Silver,0
43,53380,72045,129,Female,Chittagong,Platinum,1
64,149951,38842,49,Female,Khulna,Basic,0
49,132507,14900,25,Male,Khulna,Gold,0
27,37071,2881,10,Female,Dhaka,Gold,0
33,40074,34037,118,Male,Sylhet,Basic,0
24,110724,2630,144,Female,Rajshahi,Basic,1
34,87843,21789,186,Female,Khulna,Basic,0
40,59901,47151,157,Male,Dhaka,Silver,0
43,31205,49920,92,Female,Rajshahi,Silver,0
38,75661,68231,134,Female,Sylhet,Gold,1
39,144661,4262,144,Male,Khulna,Silver,0
24,25906,67981,148,Female,Dhaka,Silver,1
31,22591,76485,80,Male,Dhaka,Platinum,0
32,145576,55722,71,Female,Dhaka,Silver,0
24,82987,51818,78,Female,Khulna,Platinum,1
26,83370,30932,43,Male,Rajshahi,Silver,0
25,100685,7901,154,Female,Dhaka,Gold,1
40,130454,9597,90,Male,Sylhet,Basic,0
46,125487,64909,78,Male,Dhaka,Gold,1
35,74400,73391,199,Male,Rajshahi,Silver,0
48,45150,9263,161,Female,Khulna,Basic,0
47,51852,64293,26,Female,Dhaka,Basic,0
56,62870,26805,121,Male,Dhaka,Basic,0
52,139796,12874,45,Female,Sylhet,Platinum,0
35,72756,15079,63,Female,Sylhet,Gold,0
59,135357,50850,195,Female,Dhaka,Platinum,1
56,139052,73779,180,Male,Dhaka,Basic,1
34,76481,10018,68,Female,Sylhet,Gold,0
31,21283,50500,154,Male,Rajshahi,Gold,1
48,53691,13100,2,Female,Chittagong,Silver,0
41,21125,58021,142,Female,Chittagong,Platinum,1
52,87065,20800,108,Male,Dhaka,Platinum,1
61,148734,64400,30,Female,Sylhet,Silver,0
62,46170,30437,49,Male,Khulna,Platinum,0
51,28438,77537,140,Female,Khulna,Basic,0
20,40095,47675,44,Male,Chittagong,Basic,0
54,36154,20942,161,Female,Rajshahi,Platinum,0
60,28004,21862,13,Female,Chittagong,Silver,0
57,29752,12669,78,Female,Dhaka,Gold,0
43,75426,54772,126,Male,Rajshahi,Platinum,1
40,128896,16916,98,Male,Khulna,Gold,0
61,46819,11878,26,Male,Sylhet,Silver,0
56,122168,3985,149,Female,Sylhet,Gold,1
32,112051,74648,156,Male,Dhaka,Silver,1
21,147905,42235,48,Male,Chittagong,Silver,0
46,44217,19931,168,Male,Dhaka,Basic,0
39,145949,1336,66,Male,Sylhet,Basic,0
42,108708,43933,87,Male,Khulna,Silver,0
30,52994,46536,79,Male,Sylhet,Platinum,0
35,35036,70504,23,Male,Rajshahi,Basic,0
50,97275,52148,81,Male,Sylhet,Silver,0
33,117756,17279,48,Male,Sylhet,Gold,0
62,69416,69665,124,Male,Rajshahi,Gold,1
59,29587,72386,130,Female,Chittagong,Platinum,1
61,130053,78485,84,Female,Sylhet,Gold,1
19,115665,75055,20,Male,Dhaka,Gold,1
52,20645,78273,187,Female,Sylhet,Silver,0
59,50930,67670,46,Female,Dhaka,Gold,0
51,101835,77474,131,Male,Rajshahi,Gold,1
47,142232,55028,183,Male,Sylhet,Gold,1
30,50090,72128,12,Male,Rajshahi,Gold,0
30,107489,19108,40,Female,Rajshahi,Silver,0
35,72142,53495,66,Male,Chittagong,Gold,0
49,131979,77533,100,Female,Sylhet,Platinum,1
49,46475,57830,78,Male,Dhaka,Basic,0
52,38888,75640,16,Female,Dhaka,Platinum,0
56,63732,53509,83,Female,Sylhet,Basic,0
63,101623,67406,162,Male,Chittagong,Platinum,1
46,66305,40519,44,Male,Chittagong,Basic,0
46,66037,50649,134,Female,Chittagong,Basic,0
61,29346,35524,192,Female,Dhaka,Basic,0
33,20587,34885,100,Male,Rajshahi,Basic,0
61,32763,45369,22,Male,Chittagong,Silver,0
64,79165,31676,18,Female,Dhaka,Platinum,0
27,127481,65093,12,Male,Dhaka,Basic,0
47,89615,48764,180,Female,Rajshahi,Platinum,1
42,56116,51799,123,Male,Sylhet,Gold,1
56,140987,73307,117,Male,Sylhet,Basic,1
37,105751,32923,51,Male,Chittagong,Platinum,1
22,111353,79388,71,Female,Chittagong,Silver,0
18,110301,48574,48,Male,Rajshahi,Platinum,1
47,115648,44391,19,Female,Chittagong,Basic,0
20,45556,54664,6,Male,Rajshahi,Gold,0
62,79042,68384,84,Female,Dhaka,Platinum,0
31,38099,32027,155,Female,Chittagong,Gold,1
47,129089,36464,53,Male,Dhaka,Silver,0
21,65096,35485,107,Female,Khulna,Platinum,1
35,91986,20456,101,Female,Rajshahi,Platinum,1
54,33230,75795,48,Female,Khulna,Silver,0
42,49009,36554,135,Female,Chittagong,Silver,0
18,90969,47922,187,Male,Dhaka,Silver,1
63,53866,14409,69,Male,Chittagong,Basic,0
32,125400,70327,11,Male,Khulna,Basic,0
26,104246,37639,143,Female,Chittagong,Platinum,1
32,96975,64627,192,Female,Sylhet,Platinum,1
41,61855,20692,131,Male,Khulna,Platinum,0
21,101557,79840,122,Male,Chittagong,Gold,1
29,26416,55200,69,Female,Dhaka,Silver,0
54,92516,58415,23,Male,Chittagong,Platinum,1
54,75915,19074,181,Male,Dhaka,Silver,0
60,38058,16549,37,Female,Sylhet,Basic,0
23,96637,30963,9,Male,Chittagong,Silver,0
56,60718,53265,15,Female,Sylhet,Gold,0
63,52602,17061,131,Male,Khulna,Gold,0
41,94658,59226,93,Female,Dhaka,Silver,0
28,98112,29810,198,Female,Khulna,Gold,1
30,78067,61006,17,Female,Dhaka,Gold,0
51,47516,23800,154,Female,Sylhet,Basic,0
42,149295,76476,149,Female,Rajshahi,Platinum,1
24,107969,70460,72,Male,Chittagong,Gold,1
21,21089,58767,149,Male,Sylhet,Platinum,1
25,57346,29054,121,Male,Dhaka,Silver,0
37,94663,76319,11,Female,Dhaka,Silver,0
46,30487,46397,166,Male,Dhaka,Gold,1
62,20155,14233,72,Female,Dhaka,Silver,0
63,143950,26068,106,Female,Chittagong,Basic,0
27,87494,66727,125,Male,Khulna,Gold,1
60,96229,71453,35,Female,Rajshahi,Gold,1
51,124648,26832,119,Male,Chittagong,Gold,1
43,58547,14682,14,Female,Dhaka,Silver,0
58,48795,24383,14,Female,Chittagong,Silver,0
20,75296,59160,10,Male,Sylhet,Gold,0
23,41447,24666,140,Female,Dhaka,Platinum,1
22,56598,59817,38,Male,Rajshahi,Silver,0
22,61814,35642,108,Female,Dhaka,Silver,0
64,110751,42830,119,Male,Rajshahi,Gold,1
40,145118,11234,34,Female,Rajshahi,Platinum,0
26,95330,58616,169,Male,Khulna,Gold,1
52,141347,10221,10,Male,Khulna,Silver,0
37,118745,12410,122,Female,Chittagong,Gold,1
59,107960,62413,145,Male,Chittagong,Gold,1
52,83278,2051,145,Female,Rajshahi,Gold,1
35,75077,76301,195,Female,Dhaka,Platinum,1
34,132782,77918,190,Male,Sylhet,Gold,1
41,142046,79116,115,Male,Sylhet,Silver,1
20,122932,57563,1,Male,Dhaka,Gold,1
49,91906,45757,12,Male,Dhaka,Platinum,1
52,29528,78475,103,Male,Khulna,Basic,0
55,113812,52257,4,Female,Sylhet,Platinum,1
30,70100,1307,170,Male,Rajshahi,Gold,0
64,129869,57889,141,Female,Chittagong,Basic,1
42,28179,69895,98,Male,Khulna,Gold,0
26,68781,36944,106,Male,Sylhet,Platinum,1
21,75267,39134,85,Male,Dhaka,Basic,0
31,102379,28323,121,Female,Sylhet,Basic,0
54,43952,72762,132,Male,Rajshahi,Gold,1
51,73798,26954,82,Female,Khulna,Gold,0
28,118696,56021,197,Female,Dhaka,Platinum,1
58,130434,71427,19,Female,Rajshahi,Gold,1
20,70939,5992,130,Male,Chittagong,Basic,0
45,49516,2961,12,Female,Khulna,Silver,0
46,76526,13497,81,Male,Rajshahi,Silver,0
26,30449,33551,74,Female,Rajshahi,Platinum,0
20,70290,77384,98,Male,Dhaka,Gold,0
42,146688,56755,6,Female,Chittagong,Platinum,1
51,106661,14255,136,Male,Rajshahi,Silver,0
29,92954,5567,125,Male,Khulna,Silver,1
59,42746,49847,51,Male,Rajshahi,Gold,0
26,87990,49003,11,Female,Sylhet,Basic,0
32,78810,21389,191,Female,Khulna,Gold,0
57,138362,45523,185,Male,Khulna,Silver,1
42,103297,62576,127,Female,Rajshahi,Basic,1
22,35223,44919,140,Female,Dhaka,Platinum,1
28,92237,4358,73,Female,Khulna,Silver,0
51,22597,77524,2,Female,Sylhet,Platinum,0
41,85677,6698,8,Female,Dhaka,Basic,0
32,22659,67809,139,Female,Dhaka,Platinum,1
55,106516,56805,124,Female,Dhaka,Silver,1
25,94567,32349,53,Male,Khulna,Gold,1
22,35037,77777,10,Male,Dhaka,Platinum,0
43,146498,51248,112,Female,Rajshahi,Silver,1
35,66738,76033,8,Male,Dhaka,Silver,0
23,123965,45041,36,Male,Sylhet,Basic,0
54,91678,32954,106,Male,Chittagong,Silver,1
30,32109,9002,14,Female,Sylhet,Gold,0
45,42010,70783,182,Female,Khulna,Gold,1
22,28787,20738,86,Female,Dhaka,Platinum,0
30,128400,11703,149,Female,Dhaka,Platinum,1
34,28472,50422,50,Female,Rajshahi,Platinum,0
57,135111,62899,167,Male,Dhaka,Platinum,1
62,43383,13392,20,Female,Sylhet,Gold,0
49,81709,45724,87,Male,Khulna,Basic,0
46,89785,33299,135,Female,Chittagong,Platinum,1
20,133253,16641,137,Male,Dhaka,Basic,1
57,54518,7305,129,Female,Chittagong,Silver,0
51,73909,19782,154,Female,Dhaka,Silver,0
57,38351,79257,166,Female,Khulna,Platinum,1
44,89624,78963,38,Female,Sylhet,Silver,0
30,73330,21566,189,Female,Khulna,Basic,0
62,142477,68766,44,Female,Chittagong,Basic,0
50,35282,7511,86,Male,Dhaka,Silver,0
23,104866,27177,44,Female,Chittagong,Platinum,0
41,127945,5765,74,Male,Sylhet,Basic,0
36,41778,21354,119,Female,Khulna,Basic,0
33,44264,24929,190,Male,Chittagong,Gold,0
57,79675,29820,122,Male,Chittagong,Platinum,0
45,25075,30523,134,Male,Sylhet,Gold,1
50,95948,72088,145,Male,Dhaka,Silver,1
58,68454,67163,51,Male,Chittagong,Silver,0
30,48365,78525,38,Male,Sylhet,Gold,0
60,92766,14780,152,Female,Dhaka,Platinum,1
62,68200,7589,51,Male,Dhaka,Basic,0
42,31002,35812,10,Female,Khulna,Silver,0
59,33947,46939,120,Female,Sylhet,Platinum,1
53,99222,52493,149,Male,Dhaka,Platinum,1
44,114840,41953,70,Male,Khulna,Silver,0
55,136219,66785,85,Female,Rajshahi,Silver,0
24,98610,20309,57,Male,Sylhet,Platinum,0
22,72142,55195,126,Male,Rajshahi,Basic,1
60,76307,26901,39,Male,Dhaka,Gold,0
62,24493,24576,33,Male,Sylhet,Silver,0
48,144023,32508,187,Male,Khulna,Gold,1
40,70085,75711,18,Male,Dhaka,Platinum,0
59,54228,26464,184,Male,Sylhet,Gold,0
27,99676,61281,57,Female,Sylhet,Basic,0
49,71875,17260,96,Male,Rajshahi,Platinum,0
60,51655,36440,48,Female,Dhaka,Basic,0
47,63472,57683,42,Female,Khulna,Platinum,0
56,69437,42430,27,Female,Khulna,Basic,0
48,69416,2987,74,Female,Dhaka,Platinum,0
35,79711,26105,110,Male,Dhaka,Basic,0
53,26816,79484,180,Female,Chittagong,Platinum,1
19,97175,14026,170,Female,Rajshahi,Basic,1
31,84307,69309,32,Female,Dhaka,Platinum,1
30,132728,46927,26,Female,Dhaka,Basic,0
46,66733,76414,25,Female,Chittagong,Silver,0
29,148202,58535,75,Male,Chittagong,Gold,1
56,115028,43946,23,Male,Sylhet,Platinum,1
19,136450,57561,57,Female,Khulna,Basic,0
49,31240,11377,180,Male,Rajshahi,Silver,0
30,118234,54592,126,Male,Sylhet,Platinum,1
63,112493,8347,87,Female,Dhaka,Platinum,0
44,145149,34776,31,Female,Chittagong,Platinum,1
58,118344,4783,64,Female,Khulna,Gold,0
34,91363,56798,199,Male,Sylhet,Basic,1
57,52762,5298,33,Female,Khulna,Basic,0
48,28259,71204,2,Male,Chittagong,Platinum,0
51,70139,56161,18,Male,Sylhet,Platinum,0
41,148775,61652,175,Male,Sylhet,Platinum,1
62,34849,35484,161,Female,Khulna,Silver,0
52,101768,21922,84,Male,Chittagong,Platinum,0
23,126108,35028,35,Female,Dhaka,Gold,1
36,109709,21316,179,Female,Sylhet,Basic,0
47,74869,77996,114,Female,Dhaka,Gold,1
24,146888,17968,146,Female,Chittagong,Platinum,1
27,83095,31266,110,Female,Sylhet,Silver,1
58,137886,25000,88,Male,Sylhet,Platinum,0
49,90910,15011,72,Male,Dhaka,Platinum,0
51,106710,3866,125,Male,Rajshahi,Platinum,1
45,43567,6898,30,Male,Dhaka,Platinum,0
32,55292,19395,172,Male,Dhaka,Platinum,0
47,94813,40019,53,Female,Rajshahi,Basic,0
54,117136,5006,138,Female,Chittagong,Gold,1
46,71631,35393,87,Male,Chittagong,Silver,0
39,29885,11956,180,Male,Sylhet,Platinum,0
21,79659,51042,177,Male,Khulna,Silver,1
37,74306,7078,139,Female,Khulna,Basic,0
49,86314,30631,194,Female,Sylhet,Gold,1
53,85087,63901,186,Female,Khulna,Platinum,1
21,49165,70497,164,Male,Dhaka,Basic,1
44,78929,42574,161,Male,Dhaka,Basic,0
34,87028,32417,175,Male,Rajshahi,Gold,1
29,115998,66006,13,Male,Rajshahi,Platinum,1
39,69812,40454,40,Female,Sylhet,Gold,0
34,70500,2587,89,Male,Sylhet,Gold,0
27,99151,55710,68,Male,Sylhet,Silver,0
18,78643,76886,42,Male,Dhaka,Silver,0
39,64900,19816,147,Female,Khulna,Gold,0
43,62946,30432,94,Female,Sylhet,Silver,0
35,27851,49617,19,Male,Sylhet,Basic,0
31,36288,73373,186,Female,Dhaka,Gold,1
64,92692,35217,23,Female,Dhaka,Platinum,1
46,87580,21884,54,Female,Dhaka,Platinum,0
29,27368,6454,65,Female,Khulna,Basic,0
53,105436,75960,140,Female,Sylhet,Platinum,1
52,116136,44618,24,Male,Chittagong,Platinum,1
29,66403,63671,34,Male,Chittagong,Gold,0
24,111170,48111,53,Male,Sylhet,Basic,0
46,29168,40613,136,Female,Sylhet,Gold,1
28,106497,60993,18,Female,Sylhet,Basic,0
50,69879,9848,57,Female,Sylhet,Gold,0
23,79871,79672,112,Female,Khulna,Gold,1
64,129632,67125,5,Male,Chittagong,Silver,0
32,131623,62602,154,Male,Rajshahi,Platinum,1
49,109388,73045,158,Male,Chittagong,Basic,1
28,118646,43222,182,Male,Chittagong,Platinum,1
40,52174,50223,13,Male,Dhaka,Silver,0
43,119751,66333,83,Male,Sylhet,Basic,0
51,112491,53732,29,Female,Sylhet,Silver,0
63,26581,50420,3,Female,Sylhet,Platinum,0
51,130155,76504,90,Male,Dhaka,Gold,1
46,91853,3462,104,Female,Khulna,Silver,0
21,84046,10460,123,Male,Khulna,Silver,1
34,69678,10275,186,Male,Rajshahi,Gold,0
52,128392,14269,76,Female,Khulna,Platinum,0
30,131250,66942,130,Male,Khulna,Silver,1
58,46649,73920,108,Male,Sylhet,Platinum,1
56,147795,23553,156,Male,Chittagong,Gold,1
32,108668,25366,82,Female,Khulna,Basic,0
46,102325,45036,77,Female,Khulna,Silver,0
46,34567,18369,2,Female,Dhaka,Platinum,0
28,100404,12795,127,Female,Rajshahi,Gold,1
49,109906,71021,135,Male,Dhaka,Gold,1
19,128069,69154,26,Female,Sylhet,Silver,0
64,116019,31143,88,Female,Chittagong,Basic,0
31,81944,30425,16,Female,Rajshahi,Silver,0
37,138428,76139,151,Male,Dhaka,Platinum,1
39,98002,6368,168,Female,Khulna,Gold,1
28,48803,5621,188,Female,Khulna,Basic,0
44,38230,59829,73,Male,Rajshahi,Platinum,0
20,37862,61294,32,Male,Khulna,Silver,0
34,63355,15719,15,Male,Dhaka,Gold,0
61,51259,30227,141,Male,Dhaka,Silver,0
45,119075,8566,5,Female,Khulna,Basic,0
46,107445,13306,74,Male,Khulna,Basic,0
38,50795,54822,52,Female,Sylhet,Basic,0
64,134604,25042,77,Female,Chittagong,Basic,0
33,28770,16086,169,Female,Rajshahi,Basic,0
54,31093,18387,181,Female,Dhaka,Silver,0
37,66571,28042,110,Female,Rajshahi,Basic,0
23,20193,52618,178,Male,Sylhet,Basic,1
36,120311,19323,143,Female,Dhaka,Gold,1
22,37569,19019,106,Female,Sylhet,Basic,0
20,137082,76426,127,Female,Sylhet,Gold,1
18,31190,41863,7,Male,Khulna,Gold,0
55,82824,11283,40,Female,Rajshahi,Gold,0
32,62752,19279,156,Female,Rajshahi,Silver,0
51,52327,47999,160,Male,Khulna,Silver,0
52,62070,63780,99,Female,Rajshahi,Platinum,0
42,105925,23908,143,Female,Khulna,Platinum,1
41,60197,62584,85,Male,Dhaka,Gold,0
29,22261,51225,198,Female,Sylhet,Silver,1
35,138424,38952,65,Female,Sylhet,Basic,0
32,113905,38663,132,Female,Rajshahi,Platinum,1
61,46512,62381,11,Female,Chittagong,Silver,0
33,26716,48929,108,Female,Sylhet,Basic,0
44,106795,10343,26,Male,Khulna,Basic,0
25,48933,77173,189,Male,Chittagong,Silver,1
63,127225,40791,165,Male,Chittagong,Platinum,1
42,24378,30134,151,Female,Sylhet,Silver,0
34,60583,48101,85,Female,Sylhet,Platinum,0
46,132082,70443,168,Female,Sylhet,Gold,1
25,105371,58530,151,Male,Khulna,Silver,1
32,49033,47799,123,Female,Chittagong,Silver,0
44,44000,5827,144,Female,Rajshahi,Platinum,0
63,131032,63653,189,Female,Khulna,Platinum,1
24,95868,14699,68,Male,Dhaka,Silver,0
20,62604,6313,104,Male,Sylhet,Basic,0
46,88336,14598,80,Female,Chittagong,Basic,0
61,115074,29807,159,Female,Khulna,Basic,0
41,115655,71423,53,Female,Dhaka,Gold,1
20,93869,70390,106,Male,Khulna,Gold,1
37,25410,46226,153,Male,Khulna,Platinum,1
63,103375,60550,44,Male,Rajshahi,Gold,1
32,76044,4558,140,Female,Rajshahi,Basic,0
42,83315,76308,90,Male,Khulna,Silver,0
47,116055,51113,101,Female,Dhaka,Gold,1
31,91344,53999,97,Female,Chittagong,Gold,1
24,26796,56878,9,Male,Chittagong,Basic,0
34,106716,37343,12,Female,Sylhet,Gold,1
61,74245,59219,69,Male,Sylhet,Platinum,0
37,63056,36186,182,Female,Chittagong,Silver,0
53,37709,37966,182,Female,Khulna,Basic,0
26,139664,34769,28,Male,Khulna,Platinum,1
55,78557,54218,56,Female,Rajshahi,Basic,0
39,37543,20229,99,Female,Rajshahi,Platinum,0
19,57418,76209,197,Female,Sylhet,Silver,1
41,114611,28877,110,Female,Chittagong,Silver,0
25,123291,59001,77,Female,Khulna,Platinum,1
28,133504,39084,103,Female,Chittagong,Platinum,1
30,123001,17806,106,Female,Dhaka,Platinum,1
34,116038,38034,109,Female,Chittagong,Platinum,1
25,36724,41317,112,Male,Dhaka,Platinum,1
38,23828,56468,58,Male,Rajshahi,Platinum,0
35,136656,20094,78,Female,Rajshahi,Silver,0
47,37087,58796,75,Female,Sylhet,Platinum,0
35,32605,11589,42,Male,Chittagong,Gold,0
63,51337,58221,166,Female,Chittagong,Silver,0
64,25482,2657,68,Male,Dhaka,Basic,0
48,85333,40531,181,Male,Rajshahi,Silver,1
55,112541,53227,33,Male,Dhaka,Basic,0
49,108296,4164,71,Female,Rajshahi,Basic,0
28,70952,42247,56,Female,Dhaka,Gold,0
62,25463,20601,105,Female,Rajshahi,Platinum,0
42,132164,51599,101,Male,Dhaka,Platinum,1
50,90448,72545,51,Male,Rajshahi,Silver,0
55,24648,5552,74,Male,Dhaka,Platinum,0
58,53623,10417,171,Female,Chittagong,Gold,0
25,79156,59579,121,Male,Sylhet,Silver,1
28,55634,69207,143,Male,Dhaka,Silver,1
39,64602,73055,166,Female,Sylhet,Silver,0
41,134598,79270,143,Male,Chittagong,Platinum,1
58,69334,4722,5,Male,Chittagong,Platinum,0
34,88648,71442,83,Female,Rajshahi,Platinum,1
29,42054,41031,182,Female,Sylhet,Silver,1
63,90028,22438,51,Male,Khulna,Silver,0
49,42207,59819,10,Female,Rajshahi,Basic,0
32,100650,44856,140,Male,Sylhet,Basic,1
33,119821,34576,4,Female,Dhaka,Platinum,1
39,101554,42938,95,Male,Dhaka,Silver,0
45,41386,50028,146,Female,Chittagong,Platinum,1
37,103276,60807,80,Male,Khulna,Platinum,1
50,79518,50877,36,Female,Dhaka,Basic,0
27,72781,44461,25,Female,Sylhet,Gold,0
57,72780,41469,98,Female,Sylhet,Platinum,0
49,81440,21435,164,Female,Dhaka,Gold,1
50,64199,15191,101,Female,Sylhet,Gold,0
19,81035,28386,195,Female,Sylhet,Silver,1
50,28210,32721,9,Female,Chittagong,Silver,0
50,64363,55786,61,Male,Khulna,Platinum,0
58,131175,14704,53,Male,Chittagong,Basic,0
30,98279,57635,146,Female,Khulna,Basic,1
47,80348,3123,171,Female,Sylhet,Platinum,1
50,75284,63993,163,Male,Khulna,Platinum,1
30,127628,26416,63,Male,Sylhet,Basic,0
43,129835,2814,121,Female,Sylhet,Gold,1
39,92124,79537,105,Male,Chittagong,Platinum,1
56,88847,51258,4,Male,Chittagong,Gold,1
19,42432,17508,93,Female,Rajshahi,Platinum,0
55,146252,79916,169,Female,Dhaka,Platinum,1
56,84089,36699,173,Female,Rajshahi,Gold,1
43,75398,47335,178,Male,Rajshahi,Gold,1
63,119291,47806,28,Female,Khulna,Basic,0
32,23321,78853,170,Female,Sylhet,Platinum,1
51,101348,64768,80,Male,Sylhet,Silver,0
59,57383,36739,76,Female,Sylhet,Silver,0
61,133816,35785,116,Male,Dhaka,Platinum,1
57,98682,32980,69,Male,Khulna,Platinum,1
28,143053,2609,98,Male,Khulna,Platinum,0
20,99190,67253,1,Male,Sylhet,Gold,1
23,72893,29141,167,Male,Rajshahi,Silver,0
26,55820,31009,96,Male,Dhaka,Silver,0
23,141262,7782,17,Female,Rajshahi,Silver,0
26,86262,26933,112,Female,Chittagong,Platinum,1
56,23760,78154,91,Female,Khulna,Gold,0
48,42190,9307,88,Male,Khulna,Platinum,0
49,87411,76874,163,Female,Rajshahi,Basic,1
58,43377,39346,174,Male,Dhaka,Basic,0
29,66737,51772,170,Female,Khulna,Silver,1
25,89569,73084,167,Male,Rajshahi,Platinum,1
25,58211,41149,90,Female,Dhaka,Basic,0
45,102909,28526,49,Male,Rajshahi,Basic,0
37,23744,69477,190,Female,Dhaka,Platinum,1
64,145566,6695,38,Male,Sylhet,Gold,0
24,44995,40169,151,Female,Dhaka,Platinum,1
28,36977,48947,150,Male,Chittagong,Platinum,1
37,149508,48224,132,Female,Sylhet,Gold,1
33,117938,46865,177,Female,Rajshahi,Silver,1
21,54542,26553,59,Female,Sylhet,Silver,0
23,30651,61410,68,Male,Sylhet,Silver,0
39,119239,25816,199,Male,Rajshahi,Gold,1
43,98931,56026,130,Male,Rajshahi,Basic,1
20,115344,51705,49,Male,Chittagong,Gold,1
58,122112,62922,126,Male,Rajshahi,Platinum,1
59,36715,74914,159,Female,Khulna,Gold,1
31,64409,2881,111,Male,Khulna,Basic,0
28,44306,40567,168,Female,Chittagong,Basic,1
35,39086,48365,48,Female,Dhaka,Platinum,0
29,34376,71122,51,Male,Dhaka,Silver,0
40,81350,26006,43,Female,Khulna,Basic,0
29,91425,42198,98,Male,Rajshahi,Basic,0
30,123358,23831,183,Male,Chittagong,Basic,0
42,56636,17459,177,Male,Dhaka,Platinum,0
62,106120,33443,124,Female,Dhaka,Basic,1
36,134889,43316,80,Male,Sylhet,Silver,0
63,71649,65486,185,Male,Khulna,Platinum,1
53,54610,6877,111,Male,Rajshahi,Silver,0
62,30058,40553,143,Female,Chittagong,Basic,0
25,144876,5922,27,Male,Dhaka,Basic,0
46,148265,5686,196,Female,Sylhet,Silver,0
49,94637,33766,192,Female,Khulna,Platinum,1
61,98033,33006,158,Male,Khulna,Platinum,1
35,90194,32422,164,Female,Chittagong,Silver,1
23,96917,13205,195,Female,Dhaka,Basic,1
35,84200,24527,113,Male,Chittagong,Gold,1
36,125848,19443,86,Male,Chittagong,Silver,0
39,126022,17524,114,Male,Sylhet,Silver,0
54,66619,29202,124,Female,Khulna,Silver,0
49,37154,66552,49,Male,Rajshahi,Basic,0
58,39539,47142,76,Female,Khulna,Platinum,0
20,145381,62692,55,Female,Khulna,Basic,0
45,80058,21855,56,Female,Sylhet,Silver,0
27,82068,61372,196,Female,Rajshahi,Basic,1
52,97313,26095,95,Female,Dhaka,Basic,0
46,119932,39724,44,Male,Rajshahi,Silver,0
32,50373,50241,159,Male,Dhaka,Basic,0
50,53154,53003,186,Female,Rajshahi,Gold,1
24,26031,69379,87,Female,Chittagong,Basic,0
29,113533,16972,181,Male,Rajshahi,Basic,1
47,91975,23927,84,Male,Sylhet,Platinum,0
38,42785,67630,151,Female,Dhaka,Platinum,1
48,98928,53347,156,Female,Khulna,Silver,1
41,138696,70518,16,Male,Sylhet,Silver,0
37,48669,46283,165,Male,Dhaka,Platinum,1
54,114475,13205,149,Female,Dhaka,Gold,1
21,137154,13748,145,Male,Khulna,Basic,1
45,22282,22097,37,Male,Chittagong,Gold,0
61,54624,4092,77,Female,Sylhet,Gold,0
37,68438,54311,147,Female,Khulna,Platinum,1
41,109900,23692,158,Female,Khulna,Silver,0
49,87534,24862,45,Male,Chittagong,Basic,0
58,51705,71469,146,Female,Sylhet,Silver,0
53,58244,5926,62,Male,Khulna,Gold,0
51,94964,4969,164,Female,Chittagong,Gold,1
53,57437,36733,100,Female,Sylhet,Silver,0
19,97872,70855,52,Male,Rajshahi,Silver,0
32,94878,42743,19,Male,Dhaka,Platinum,1
51,139006,40876,109,Female,Chittagong,Silver,1
53,125368,21323,44,Female,Dhaka,Silver,0
23,92982,17428,7,Male,Rajshahi,Platinum,0
56,70583,35578,172,Female,Khulna,Silver,0
59,58392,65140,117,Male,Khulna,Gold,1
29,27461,7364,68,Male,Sylhet,Silver,0
20,120123,36349,34,Female,Chittagong,Basic,0
62,30516,1691,194,Male,Chittagong,Gold,0
35,99285,67467,69,Male,Sylhet,Platinum,1
57,37514,46896,55,Male,Dhaka,Gold,0
38,148657,58062,10,Female,Khulna,Platinum,1
32,141251,14861,42,Male,Khulna,Basic,0
50,120962,64928,41,Female,Chittagong,Basic,0
52,56268,42347,197,Female,Chittagong,Gold,1
43,110486,4121,122,Female,Sylhet,Silver,0
25,120424,29164,138,Male,Rajshahi,Gold,1
53,56788,26491,10,Male,Dhaka,Gold,0
47,95749,60222,102,Female,Rajshahi,Basic,1
40,81049,24165,188,Female,Rajshahi,Platinum,1
59,82493,4748,128,Male,Chittagong,Gold,1
61,56027,27553,179,Female,Chittagong,Silver,0
31,113547,61380,149,Female,Chittagong,Basic,1
31,62849,45331,136,Male,Rajshahi,Gold,1
19,120127,40560,193,Female,Dhaka,Gold,1
54,37858,54865,92,Male,Chittagong,Silver,0
22,104162,47686,113,Male,Khulna,Gold,1
55,99003,76910,78,Female,Dhaka,Gold,1
62,72395,5675,85,Male,Khulna,Gold,0
58,59758,67706,30,Male,Dhaka,Gold,0
64,74312,78986,49,Male,Chittagong,Silver,0
31,88670,77216,9,Female,Sylhet,Gold,1
56,136758,11068,145,Female,Chittagong,Gold,1
42,102279,55460,69,Female,Rajshahi,Gold,1
37,35434,47418,58,Male,Rajshahi,Basic,0
19,84047,27206,185,Male,Dhaka,Silver,1
56,67775,1287,62,Female,Rajshahi,Basic,0
23,95769,23337,52,Female,Chittagong,Basic,0
